"","OH_NUM","DATE_DEB","DATE_FIN","V_USAGE","V_URB","PORTEE","p_1","p_2","p_3","p_4","urb_1","urb_2","urb_3","urb_4","urb_5","urb_6"
"1",4,556,1350,"42","4","1",0,0,0,0,0,0,0,0,0,0
"2",5,442,1500,"42","4","1",1,23,2,0,0,22,1,3,0,0
"3",6,337,558,"42","4","3",1,21,1,0,0,21,1,1,0,0
"4",7,325,522,"42","4","3",2,18,0,0,0,18,1,0,0,1
"5",8,350,600,"51","5","2",0,14,0,0,0,14,0,0,0,0
"6",11,400,600,"44","4","2",0,16,2,0,0,16,0,2,0,0
"7",12,550,1200,"43","4","1",1,0,0,0,0,0,0,1,0,0
"8",13,337,800,"42","4","3",0,1,0,0,0,0,0,0,1,0
"9",14,560,1800,"43","4","2",0,1,0,2,0,0,0,2,1,0
"10",16,458,1800,"42","4","1",0,0,0,0,0,0,0,0,0,0
"11",18,325,1800,"51","5","2",0,1,0,0,1,0,0,0,0,0
"12",23,397,440,"42","4","2",0,1,0,0,0,0,0,0,1,0
"13",24,849,1000,"42","4","1",0,1,1,0,0,0,0,2,0,0
"14",25,854,1100,"42","4","1",0,0,0,0,0,0,0,0,0,0
"15",32,850,1100,"42","4","1",0,0,0,0,0,0,0,0,0,0
"16",34,877,918,"43","4","1",0,12,0,0,0,12,0,0,0,0
"17",35,920,1140,"42","4","1",0,1,0,0,0,0,0,0,1,0
"18",38,1150,1171,"43","4","1",0,1,0,0,0,0,0,0,1,0
"19",39,522,1350,"42","4","1",2,18,2,0,0,17,1,4,0,0
"20",40,470,1800,"42","4","3",1,2,0,3,0,0,0,3,2,1
"21",45,550,849,"43","4","2",2,1,1,2,0,0,1,3,1,1
"22",201,40,400,"15","1","3",2,2,1,0,5,0,0,0,0,0
"23",204,50,70,"14","1","2",0,1,0,0,1,0,0,0,0,0
"24",240,20,100,"37","3","1",0,0,0,0,0,0,0,0,0,0
"25",245,400,900,"51","5","2",0,5,0,0,5,0,0,0,0,0
"26",253,500,700,"37","3","1",2,19,0,0,0,19,2,0,0,0
"27",256,-50,40,"13","1","1",0,0,0,0,0,0,0,0,0,0
"28",258,40,400,"13","1","1",1,2,2,0,5,0,0,0,0,0
"29",401,1,120,"13","1","1",0,0,0,0,0,0,0,0,0,0
"30",410,120,225,"13","1","1",1,1,0,0,2,0,0,0,0,0
"31",411,225,1100,"13","1","1",1,1,0,0,2,0,0,0,0,0
"32",804,250,350,"22","2","2",1,1,1,0,0,1,2,0,0,0
"33",999,1200,2015,"37","3","1",10,2,0,0,0,1,9,1,1,0
"34",1315,558,1133,"42","4","3",2,21,1,0,0,20,0,4,0,0
"35",1604,400,500,"37","3","1",0,18,0,0,1,16,1,0,0,0
"36",1605,500,600,"37","3","1",2,16,0,0,0,16,2,0,0,0
"37",1606,600,750,"37","3","1",2,12,0,0,0,12,2,0,0,0
"38",1607,750,775,"37","3","1",1,12,0,0,0,12,1,0,0,0
"39",1608,850,1044,"37","3","1",1,12,0,0,0,12,1,0,0,0
"40",1610,900,1000,"63","6","1",0,0,0,0,0,0,0,0,0,0
"41",1614,877,1000,"21","2","2",0,13,0,0,2,11,0,0,0,0
"42",1629,900,1700,"37","3","1",0,1,0,0,0,0,0,0,1,0
"43",1630,775,825,"62","6","2",1,0,0,0,0,0,0,0,0,1
"44",1632,1300,1400,"53","5","2",24,1,0,0,1,0,24,0,0,0
"45",1633,1600,1800,"37","3","1",0,0,0,0,0,0,0,0,0,0
"46",1638,200,300,"37","3","1",11,1,0,0,1,0,11,0,0,0
"47",1639,800,1000,"37","3","1",0,1,0,0,0,0,0,0,1,0
"48",1640,500,1400,"53","5","2",0,1,0,0,1,0,0,0,0,0
"49",1641,200,600,"37","3","1",0,0,1,0,0,0,1,0,0,0
"50",1642,500,1100,"37","3","1",1,17,0,0,0,17,1,0,0,0
"51",1643,300,400,"14","1","2",3,4,2,0,7,0,1,0,0,1
"52",1644,300,800,"63","6","1",2,5,2,0,8,0,1,0,0,0
"53",1646,300,800,"37","3","1",2,5,2,0,8,0,0,0,0,1
"54",1647,600,800,"37","3","1",2,1,0,0,0,0,1,1,0,1
"55",1648,800,1050,"63","6","1",3,1,0,0,0,0,2,1,0,1
"56",1649,750,800,"53","5","2",1,0,0,0,0,0,0,0,0,1
"57",1650,800,900,"37","3","1",1,1,0,0,0,0,0,0,1,1
"58",1652,400,800,"37","3","1",0,3,0,0,0,3,0,0,0,0
"59",1653,800,1100,"37","3","1",1,0,0,0,0,0,1,0,0,0
"60",1654,300,600,"14","1","2",9,0,0,0,1,0,8,0,0,0
"61",1655,600,800,"51","5","2",0,1,0,0,1,0,0,0,0,0
"62",1656,800,900,"37","3","1",1,1,0,0,0,0,0,1,1,0
"63",1658,300,500,"37","3","1",0,1,0,0,0,0,1,0,0,0
"64",1660,800,1000,"37","3","1",0,1,0,0,0,0,0,0,1,0
"65",1661,500,800,"53","5","2",1,0,0,0,0,0,1,0,0,0
"66",1662,300,1100,"37","3","1",0,1,1,0,1,0,0,1,0,0
"67",1663,1000,1100,"13","1","2",1,0,0,0,1,0,0,0,0,0
"68",1713,1500,1700,"37","3","1",1,6,0,0,0,5,1,0,1,0
"69",1714,1500,1700,"53","5","2",2,4,0,0,0,4,2,0,0,0
"70",1716,14,82,"37","3","1",0,0,0,0,0,0,0,0,0,0
"71",1719,40,65,"37","3","1",4,0,0,0,0,0,3,0,0,1
"72",1722,1356,1650,"21","2","2",0,3,0,0,0,1,0,0,1,1
"73",1724,20,60,"37","3","1",1,1,0,0,0,0,1,0,0,1
"74",1729,800,1000,"37","3","1",0,0,0,0,0,0,0,0,0,0
"75",1738,1300,1356,"17","1","2",0,0,0,0,0,0,0,0,0,0
"76",1742,50,200,"51","5","2",0,0,0,0,0,0,0,0,0,0
"77",1746,33,75,"12","1","1",0,0,0,0,0,0,0,0,0,0
"78",1747,100,200,"17","1","2",1,0,0,0,1,0,0,0,0,0
"79",1748,100,200,"12","1","1",0,1,0,0,1,0,0,0,0,0
"80",1749,200,900,"63","6","1",1,1,0,0,2,0,0,0,0,0
"81",1751,50,100,"37","3","1",5,0,0,0,0,0,4,0,0,1
"82",1752,50,100,"37","3","1",5,0,0,0,0,0,4,0,0,1
"83",1753,75,100,"37","3","1",6,0,0,0,0,0,6,0,0,0
"84",1754,75,100,"37","3","1",6,0,0,0,0,0,6,0,0,0
"85",1756,100,400,"37","3","1",15,0,0,0,1,0,14,0,0,0
"86",1757,100,150,"37","3","1",15,0,0,0,1,0,14,0,0,0
"87",1758,150,400,"37","3","1",12,0,0,0,1,0,11,0,0,0
"88",1759,1500,1600,"62","6","3",1,3,0,0,0,1,0,1,1,1
"89",1760,1500,1600,"62","6","2",1,2,1,0,0,1,0,1,1,1
"90",1761,1300,1400,"65","6","2",0,1,0,0,0,0,0,0,1,0
"91",1764,50,120,"62","6","1",4,4,0,0,3,0,2,0,0,3
"92",1765,50,120,"62","6","1",4,4,0,0,3,0,2,0,0,3
"93",1771,-50,20,"37","3","1",0,0,0,0,0,0,0,0,0,0
"94",1775,500,600,"37","3","1",1,2,1,3,0,0,0,4,2,1
"95",1776,500,600,"62","6","1",1,2,1,3,0,0,1,4,2,0
"96",1777,500,750,"51","5","2",2,1,1,3,0,0,1,4,1,1
"97",1778,600,700,"51","5","2",2,2,1,2,0,0,1,3,2,1
"98",1779,750,850,"37","3","1",0,4,0,1,0,0,0,2,3,0
"99",1780,800,900,"51","5","2",1,3,0,1,0,0,1,2,2,0
"100",1782,1100,1791,"43","4","1",6,19,0,1,1,11,0,11,3,0
"101",1783,70,250,"30","3","1",0,0,1,0,0,0,1,0,0,0
"102",1787,300,375,"18","1","2",0,18,0,0,1,16,1,0,0,0
"103",1788,375,400,"36","3","2",0,18,0,0,2,16,0,0,0,0
"104",1789,1200,1800,"32","3","3",0,8,1,0,0,8,1,0,0,0
"105",1790,850,1044,"37","3","1",1,12,0,0,0,12,1,0,0,0
"106",1801,1200,1500,"37","3","1",1,0,0,0,0,0,0,1,0,0
"107",1802,1500,1791,"43","4","1",6,0,0,0,0,0,2,4,0,0
"108",1809,1600,1780,"21","2","2",0,5,0,0,5,0,0,0,0,0
"109",1811,869,1750,"21","2","2",0,10,0,0,2,8,0,0,0,0
"110",1836,1642,1842,"21","2","2",0,8,0,0,6,1,1,0,0,0
"111",1848,-999,900,"13","1","1",0,0,0,0,0,0,0,0,0,0
"112",1849,900,1050,"13","1","1",1,0,0,0,1,0,0,0,0,0
"113",1850,20,50,"37","3","1",0,0,0,0,0,0,0,0,0,0
"114",1853,150,200,"37","3","1",6,0,0,0,0,0,6,0,0,0
"115",1857,853,1150,"42","4","1",0,9,0,0,0,9,0,0,0,0
"116",1863,1159,1764,"34","3","2",5,1,0,0,0,1,4,1,0,0
"117",1865,600,800,"51","5","2",0,4,0,0,3,0,0,0,1,0
"118",1866,600,800,"53","5","2",0,4,0,0,3,0,0,0,1,0
"119",1869,1356,1650,"21","2","2",2,8,0,0,0,8,1,1,0,0
"120",1874,40,75,"61","6","1",4,2,0,0,2,0,2,0,0,2
"121",1875,40,75,"61","6","1",3,2,0,0,2,0,1,0,0,2
"122",1876,40,75,"61","6","1",3,2,0,0,2,0,1,0,0,2
"123",1877,75,150,"37","3","1",6,1,0,0,1,0,3,0,0,3
"124",1878,40,75,"37","3","1",4,2,0,0,2,0,1,0,0,3
"125",1879,75,150,"30","3","1",5,1,0,0,1,0,2,0,0,3
"126",1891,20,50,"37","3","1",1,0,0,0,0,0,1,0,0,0
"127",1894,20,100,"37","3","1",0,0,0,0,0,0,0,0,0,0
"128",1895,100,200,"37","3","1",1,0,0,0,0,0,1,0,0,0
"129",1896,1100,1791,"43","4","1",6,23,0,1,2,14,0,11,3,0
"130",1897,100,400,"12","1","1",15,0,0,0,0,0,15,0,0,0
"131",1899,100,150,"37","3","1",17,0,0,0,1,0,16,0,0,0
"132",1900,100,400,"37","3","1",17,0,0,0,1,0,16,0,0,0
"133",1901,150,400,"37","3","1",12,0,0,0,1,0,11,0,0,0
"134",1902,100,400,"37","3","1",17,0,0,0,1,0,16,0,0,0
"135",1903,1723,1791,"31","3","1",1,4,0,0,0,3,1,1,0,0
"136",1904,1500,1550,"62","6","3",4,7,0,0,0,7,4,0,0,0
"137",1906,1600,1775,"13","1","2",1,7,0,0,1,5,2,0,0,0
"138",1907,1200,1400,"43","4","1",3,0,0,0,0,0,1,2,0,0
"139",1908,1200,1450,"43","4","1",2,0,0,0,0,0,1,1,0,0
"140",1909,1210,1400,"43","4","1",1,8,0,0,1,7,0,1,0,0
"141",1910,1250,1650,"43","4","1",2,6,0,0,2,4,0,2,0,0
"142",1911,1250,1480,"43","4","1",3,0,1,0,0,0,1,3,0,0
"143",1912,1275,1400,"43","4","1",4,4,1,0,0,4,0,5,0,0
"144",1913,1300,1700,"43","4","1",4,4,0,0,0,4,0,4,0,0
"145",1914,1300,1480,"43","4","1",3,6,1,0,0,6,0,4,0,0
"146",1915,1300,1791,"43","4","1",4,8,0,0,1,7,0,4,0,0
"147",1916,1400,1791,"43","4","1",8,8,0,0,1,7,1,7,0,0
"148",1917,1400,1480,"43","4","1",6,13,0,0,2,11,1,5,0,0
"149",1918,1400,1650,"43","4","1",6,5,1,0,0,5,0,7,0,0
"150",1919,1400,1700,"43","4","1",12,0,0,0,0,0,1,11,0,0
"151",1920,1400,1543,"43","4","1",9,7,0,0,1,6,1,8,0,0
"152",1921,1407,1750,"43","4","1",9,2,1,0,0,2,1,9,0,0
"153",1922,1450,1750,"43","4","1",5,16,0,0,2,14,1,4,0,0
"154",1923,1450,1750,"43","4","1",8,0,0,0,0,0,1,7,0,0
"155",1924,1450,1765,"43","4","1",9,0,0,0,0,0,1,8,0,0
"156",1925,1480,1750,"43","4","1",7,4,1,0,0,4,0,8,0,0
"157",1926,1480,1791,"43","4","1",7,13,0,0,2,11,1,6,0,0
"158",1927,1480,1750,"43","4","1",13,4,1,0,0,4,1,13,0,0
"159",1928,1480,1650,"43","4","1",9,5,1,0,0,5,0,10,0,0
"160",1929,1480,1650,"43","4","1",10,4,1,0,0,4,1,10,0,0
"161",1930,1480,1791,"43","4","1",10,0,1,0,0,0,2,9,0,0
"162",1931,1490,1765,"43","4","1",8,6,0,0,0,6,1,7,0,0
"163",1932,1490,1650,"43","4","1",11,4,1,0,0,4,2,10,0,0
"164",1933,1543,1650,"43","4","1",12,8,0,0,2,6,1,11,0,0
"165",1934,1600,1791,"43","4","1",1,6,0,0,4,2,0,1,0,0
"166",1935,1600,1750,"43","4","1",6,2,1,0,1,1,0,7,0,0
"167",1936,1650,1791,"43","4","1",5,0,0,0,0,0,1,4,0,0
"168",1937,1650,1791,"43","4","1",9,4,1,0,1,3,0,10,0,0
"169",1938,1650,1750,"43","4","1",5,2,0,0,2,0,0,5,0,0
"170",1939,1650,1791,"43","4","1",8,2,1,0,1,1,1,8,0,0
"171",1940,1650,1791,"43","4","1",11,2,1,0,1,1,0,12,0,0
"172",1941,1650,1791,"43","4","1",7,0,0,0,0,0,1,6,0,0
"173",1942,1650,1750,"43","4","1",7,0,0,0,0,0,1,6,0,0
"174",1943,1700,1791,"43","4","1",4,0,0,0,0,0,0,4,0,0
"175",1944,1700,1791,"43","4","1",6,1,2,0,1,0,0,8,0,0
"176",1945,1700,1791,"43","4","1",4,0,0,0,0,0,0,4,0,0
"177",1946,1750,1791,"43","4","1",10,1,1,0,1,0,0,11,0,0
"178",1947,1750,1791,"43","4","1",8,0,0,0,0,0,0,8,0,0
"179",1948,1750,1791,"43","4","1",2,2,0,0,2,0,0,2,0,0
"180",1949,1750,1791,"43","4","1",12,0,0,0,0,0,0,12,0,0
"181",1950,1750,1791,"43","4","1",11,1,1,0,1,0,0,12,0,0
"182",1951,1750,1791,"43","4","1",6,0,0,0,0,0,1,5,0,0
"183",1952,1750,1791,"43","4","1",4,0,0,0,0,0,0,4,0,0
"184",1953,1754,1754,"43","4","1",1,1,0,0,1,0,0,1,0,0
"185",1954,1765,1791,"43","4","1",7,0,0,0,0,0,0,7,0,0
"186",1955,1765,1791,"43","4","1",2,3,0,0,3,0,0,2,0,0
"187",1956,1765,1791,"43","4","1",2,3,0,0,2,0,1,2,0,0
"188",1957,1765,1791,"43","4","1",3,9,0,0,6,2,1,3,0,0
"189",1958,1765,1791,"43","4","1",6,0,0,0,0,0,1,5,0,0
"190",1959,1765,1791,"43","4","1",6,0,0,0,0,0,0,6,0,0
"191",1960,1765,1791,"43","4","1",7,0,0,0,0,0,0,7,0,0
"192",1961,1765,1791,"43","4","1",6,0,0,0,0,0,0,6,0,0
"193",1962,1450,1650,"43","4","1",9,4,0,0,0,4,0,9,0,0
"194",1963,1200,1750,"43","4","1",2,4,1,0,0,4,1,2,0,0
"195",1964,800,1200,"30","3","1",0,4,0,0,0,4,0,0,0,0
"196",1965,1400,1765,"30","3","1",8,12,0,0,2,10,0,8,0,0
"197",2014,900,1200,"37","3","1",0,13,0,0,0,13,0,0,0,0
"198",2015,1200,1475,"37","3","1",14,1,0,0,0,0,11,3,1,0
"199",2017,1100,1700,"37","3","1",6,0,0,0,0,0,5,1,0,0
"200",2301,900,1790,"43","4","2",2,14,1,1,0,9,0,5,4,0
"201",2305,1000,1200,"42","4","1",0,15,0,1,0,14,0,2,0,0
"202",2306,1200,1450,"42","4","1",16,4,0,2,2,0,13,6,1,0
"203",2631,1356,1450,"21","2","2",1,11,0,0,2,9,0,1,0,0
"204",2633,1356,1450,"21","2","2",0,7,0,0,1,6,0,0,0,0
"205",2634,1356,1450,"21","2","2",0,6,0,0,1,5,0,0,0,0
"206",2635,1450,1592,"21","2","2",0,7,0,0,0,7,0,0,0,0
"207",2636,1592,1691,"13","1","2",0,7,0,0,3,4,0,0,0,0
"208",2637,1350,1592,"13","1","2",0,0,0,0,0,0,0,0,0,0
"209",2638,1350,1592,"13","1","2",2,3,0,0,1,0,1,2,1,0
"210",2639,1477,1592,"13","1","2",0,5,0,0,0,4,0,1,0,0
"211",2640,1477,1592,"13","1","2",3,5,0,0,0,4,3,1,0,0
"212",2641,1471,1592,"13","1","2",0,7,0,0,0,6,0,1,0,0
"213",2642,1350,1592,"13","1","2",0,4,0,0,0,4,0,0,0,0
"214",2659,1450,1730,"32","3","3",17,1,0,0,0,0,18,0,0,0
"215",2697,1518,1800,"16","1","1",19,0,0,0,0,0,18,1,0,0
"216",2699,1511,1875,"16","1","1",3,4,0,0,0,0,2,3,2,0
"217",2700,1511,1784,"16","1","1",8,3,0,0,0,0,8,2,1,0
"218",2701,1507,1855,"16","1","1",5,4,0,0,0,4,4,1,0,0
"219",2702,1350,1850,"16","1","1",18,2,0,1,0,0,16,3,2,0
"220",2703,1820,1958,"16","1","1",3,0,0,0,0,0,3,0,0,0
"221",2704,1958,2015,"16","1","1",0,0,0,0,0,0,0,0,0,0
"222",2707,1450,1624,"43","4","1",2,1,0,0,0,0,1,1,1,0
"223",2709,1200,1790,"34","3","3",1,4,0,0,0,4,0,1,0,0
"224",2749,1475,1970,"37","3","1",1,3,0,0,0,3,1,0,0,0
"225",2750,1400,1976,"37","3","1",9,0,0,0,0,0,9,0,0,0
"226",2752,1500,1975,"37","3","1",7,3,0,0,0,3,7,0,0,0
"227",2753,1500,1975,"37","3","1",16,0,0,0,0,0,15,1,0,0
"228",2754,1492,1630,"37","3","1",3,1,0,0,0,0,3,0,1,0
"229",2757,1400,1970,"37","3","1",1,5,0,0,0,5,1,0,0,0
"230",2765,1500,1700,"37","3","1",3,3,0,0,0,0,2,3,1,0
"231",2766,1400,1960,"37","3","1",0,4,0,0,0,4,0,0,0,0
"232",2798,1500,1730,"62","6","2",0,8,1,0,1,7,1,0,0,0
"233",2805,440,1200,"42","4","4",0,2,0,1,0,0,0,2,1,0
"234",2807,440,482,"42","4","4",0,2,0,1,0,0,0,2,1,0
"235",202,40,400,"16","1","2",2,1,2,0,5,0,0,0,0,0
"236",241,100,850,"13","1","2",1,4,0,0,4,0,1,0,0,0
"237",257,40,400,"13","1","2",2,1,2,0,5,0,0,0,0,0
"238",933,50,850,"13","1","2",2,3,0,0,4,0,1,0,0,0
"239",934,50,850,"13","1","2",2,3,0,0,4,0,1,0,0,0
"240",935,50,850,"13","1","2",2,3,0,0,4,0,1,0,0,0
"241",936,919,1080,"13","1","2",0,3,0,0,3,0,0,0,0,0
"242",937,919,1080,"13","1","2",1,5,0,0,6,0,0,0,0,0
"243",939,943,1356,"13","1","2",0,6,0,0,6,0,0,0,0,0
"244",940,40,300,"15","1","3",0,0,2,0,2,0,0,0,0,0
"245",941,40,300,"15","1","3",0,0,2,0,2,0,0,0,0,0
"246",942,300,1034,"15","1","3",0,0,1,0,1,0,0,0,0,0
"247",943,300,1034,"15","1","3",0,13,3,0,4,12,0,0,0,0
"248",1277,919,1080,"13","1","2",1,3,0,0,4,0,0,0,0,0
"249",1278,919,1080,"13","1","2",0,5,0,0,5,0,0,0,0,0
"250",1279,919,1080,"13","1","2",0,6,0,0,6,0,0,0,0,0
"251",1280,919,1080,"13","1","2",0,5,0,0,5,0,0,0,0,0
"252",1281,919,1080,"13","1","2",0,5,0,0,5,0,0,0,0,0
"253",1282,919,1080,"13","1","2",0,7,0,0,7,0,0,0,0,0
"254",1283,919,1080,"13","1","2",0,7,0,0,7,0,0,0,0,0
"255",1284,919,1080,"13","1","2",0,7,0,0,7,0,0,0,0,0
"256",1285,919,1080,"13","1","2",0,3,0,0,3,0,0,0,0,0
"257",1286,50,400,"13","1","2",4,9,2,0,14,0,1,0,0,0
"258",1287,40,300,"15","1","3",0,0,4,0,4,0,0,0,0,0
"259",1288,40,300,"15","1","3",0,0,4,0,4,0,0,0,0,0
"260",1289,40,300,"15","1","3",0,0,6,0,6,0,0,0,0,0
"261",1290,40,300,"15","1","3",0,0,4,0,4,0,0,0,0,0
"262",1291,40,300,"15","1","3",2,2,5,0,9,0,0,0,0,0
"263",1292,300,1034,"15","1","3",0,0,2,0,2,0,0,0,0,0
"264",1293,300,1034,"15","1","3",0,13,1,0,2,12,0,0,0,0
"265",1294,300,1034,"15","1","3",0,0,3,0,3,0,0,0,0,0
"266",1310,50,400,"13","1","2",1,4,2,0,7,0,0,0,0,0
"267",1743,1500,1800,"16","1","2",0,0,0,0,0,0,0,0,0,0
"268",28,1023,1790,"42","4","1",1,15,0,1,0,14,0,3,0,0
"269",31,1140,1350,"42","4","1",2,1,0,0,0,0,0,2,1,0
"270",36,1140,1800,"42","4","1",2,1,0,0,0,0,0,2,1,0
"271",46,1000,1778,"42","4","1",3,13,0,0,0,12,0,3,1,0
"272",47,1100,1790,"42","4","1",7,23,0,0,2,19,1,7,1,0
"273",108,15,40,"37","3","1",0,0,0,0,0,0,0,0,0,0
"274",109,40,300,"37","3","1",4,0,0,0,0,0,4,0,0,0
"275",111,140,500,"61","6","1",4,0,0,0,0,0,4,0,0,0
"276",112,300,500,"37","3","1",4,10,0,0,0,10,3,0,0,1
"277",113,40,125,"37","3","1",4,0,0,0,0,0,4,0,0,0
"278",114,125,225,"37","3","1",4,0,0,0,0,0,4,0,0,0
"279",115,40,300,"37","3","1",4,0,0,0,0,0,4,0,0,0
"280",116,40,160,"37","3","1",4,0,0,0,0,0,4,0,0,0
"281",117,160,500,"37","3","1",5,0,0,0,0,0,4,0,0,1
"282",118,450,688,"37","3","1",3,8,1,0,0,8,2,1,0,1
"283",119,619,688,"51","5","2",1,0,0,0,0,0,1,0,0,0
"284",205,70,300,"36","3","2",0,2,0,0,2,0,0,0,0,0
"285",206,300,1150,"21","2","2",0,22,0,0,2,19,1,0,0,0
"286",207,300,1050,"21","2","2",0,16,0,0,2,13,1,0,0,0
"287",208,300,1750,"21","2","2",0,16,0,0,2,13,1,0,0,0
"288",209,300,1450,"21","2","2",0,16,0,0,2,13,1,0,0,0
"289",210,300,1750,"21","2","2",0,16,0,0,2,13,1,0,0,0
"290",214,95,200,"37","3","1",7,1,0,0,1,0,7,0,0,0
"291",216,700,1500,"51","5","2",0,0,0,0,0,0,0,0,0,0
"292",217,20,100,"37","3","1",1,0,0,0,0,0,1,0,0,0
"293",218,100,300,"37","3","1",4,0,0,0,0,0,4,0,0,0
"294",220,300,350,"51","5","2",4,0,0,0,0,0,4,0,0,0
"295",221,470,471,"62","6","1",0,2,1,3,0,0,0,4,2,0
"296",222,450,500,"44","4","4",0,1,0,2,0,0,0,2,1,0
"297",236,40,200,"19","1","2",0,2,0,0,2,0,0,0,0,0
"298",237,150,250,"62","6","1",0,3,0,0,3,0,0,0,0,0
"299",402,20,60,"37","3","1",1,1,0,0,0,0,1,0,0,1
"300",403,40,60,"17","1","2",3,2,0,0,1,0,2,0,0,2
"301",404,40,60,"17","1","2",3,2,0,0,1,0,2,0,0,2
"302",405,40,60,"62","6","1",2,3,0,0,2,0,2,0,0,1
"303",406,60,70,"36","3","2",7,2,0,0,2,0,3,0,0,4
"304",407,70,300,"36","3","2",3,1,0,0,0,0,2,0,0,2
"305",409,680,1280,"51","5","2",0,0,0,0,0,0,0,0,0,0
"306",601,100,250,"37","3","1",16,1,0,0,1,0,16,0,0,0
"307",604,25,60,"62","6","1",3,0,0,0,0,0,3,0,0,0
"308",605,60,250,"37","3","1",8,2,0,0,1,0,7,0,0,2
"309",803,130,250,"35","3","3",1,0,1,0,0,0,2,0,0,0
"310",806,300,1610,"21","2","2",0,14,0,0,0,14,0,0,0,0
"311",901,300,1685,"21","2","2",0,14,0,0,0,14,0,0,0,0
"312",902,300,1685,"21","2","2",1,18,0,0,0,18,1,0,0,0
"313",903,300,1685,"21","2","2",1,20,0,0,0,20,1,0,0,0
"314",904,300,1685,"21","2","2",1,18,0,0,0,18,1,0,0,0
"315",905,300,1685,"21","2","2",1,19,0,0,0,19,1,0,0,0
"316",906,300,1700,"21","2","2",1,16,0,0,0,16,1,0,0,0
"317",907,300,1685,"21","2","2",1,18,0,0,0,18,1,0,0,0
"318",908,300,1050,"21","2","2",1,19,0,0,1,18,1,0,0,0
"319",909,300,1750,"21","2","2",0,17,0,0,1,16,0,0,0,0
"320",910,300,1685,"21","2","2",0,18,0,0,1,17,0,0,0,0
"321",912,300,1785,"21","2","2",0,17,2,0,3,16,0,0,0,0
"322",913,300,1785,"21","2","2",0,12,2,0,3,11,0,0,0,0
"323",914,300,1500,"21","2","2",0,23,2,0,4,20,1,0,0,0
"324",915,300,1785,"21","2","2",0,13,2,0,3,12,0,0,0,0
"325",916,300,1150,"21","2","2",0,25,0,0,2,22,1,0,0,0
"326",917,300,1150,"21","2","2",2,18,0,0,0,17,3,0,0,0
"327",918,300,1150,"21","2","2",2,19,0,0,0,18,3,0,0,0
"328",919,300,1150,"21","2","2",4,23,0,0,0,22,4,0,0,1
"329",920,300,1150,"21","2","2",5,19,0,0,0,19,4,0,0,1
"330",921,300,1150,"21","2","2",4,20,0,0,0,20,3,0,0,1
"331",922,300,1150,"21","2","2",5,23,0,0,0,23,4,0,0,1
"332",923,300,1150,"21","2","2",5,18,0,0,0,18,4,0,0,1
"333",924,300,1685,"21","2","2",5,16,0,0,0,16,4,0,0,1
"334",925,300,1658,"21","2","2",5,16,0,0,0,16,4,0,0,1
"335",926,300,1658,"21","2","2",0,14,0,0,0,14,0,0,0,0
"336",927,300,1685,"21","2","2",1,15,0,0,0,15,1,0,0,0
"337",928,300,1685,"21","2","2",1,14,0,0,0,14,1,0,0,0
"338",929,300,1685,"21","2","2",1,16,0,0,0,16,1,0,0,0
"339",930,300,1725,"21","2","2",1,15,0,0,0,15,1,0,0,0
"340",931,300,1685,"21","2","2",1,16,0,0,0,16,1,0,0,0
"341",932,300,1700,"21","2","2",1,14,0,0,0,14,1,0,0,0
"342",949,1480,2000,"14","1","2",8,16,0,0,2,14,1,7,0,0
"343",950,300,1360,"21","2","2",1,18,0,0,1,17,1,0,0,0
"344",951,300,1050,"21","2","2",0,15,0,0,1,14,0,0,0,0
"345",952,300,1785,"21","2","2",0,13,2,0,3,12,0,0,0,0
"346",954,300,1785,"21","2","2",0,15,0,0,1,14,0,0,0,0
"347",955,300,1785,"21","2","2",0,15,2,0,3,14,0,0,0,0
"348",957,300,1685,"21","2","2",0,13,0,0,0,13,0,0,0,0
"349",960,300,1360,"21","2","2",1,18,0,0,1,17,1,0,0,0
"350",961,300,1685,"21","2","2",0,17,0,0,1,16,0,0,0,0
"351",962,300,1785,"21","2","2",0,17,0,0,1,16,0,0,0,0
"352",963,300,1785,"21","2","2",0,15,0,0,1,14,0,0,0,0
"353",964,300,1785,"21","2","2",0,16,2,0,3,15,0,0,0,0
"354",965,300,1785,"21","2","2",0,17,2,0,3,16,0,0,0,0
"355",966,300,1785,"21","2","2",0,15,2,0,3,14,0,0,0,0
"356",967,300,1785,"21","2","2",0,12,2,0,3,11,0,0,0,0
"357",968,300,1785,"21","2","2",0,12,2,0,3,11,0,0,0,0
"358",969,300,1785,"21","2","2",0,14,2,0,3,13,0,0,0,0
"359",970,300,1750,"21","2","2",0,20,0,0,2,17,1,0,0,0
"360",971,300,1300,"21","2","2",0,18,0,0,2,15,1,0,0,0
"361",972,300,1150,"21","2","2",5,19,0,0,0,19,4,0,0,1
"362",973,300,1150,"21","2","2",0,20,0,0,2,17,1,0,0,0
"363",974,300,1150,"21","2","2",0,22,0,0,2,19,1,0,0,0
"364",975,300,1658,"21","2","2",0,15,0,0,0,15,0,0,0,0
"365",976,300,1150,"21","2","2",0,22,0,0,1,20,1,0,0,0
"366",977,300,1150,"21","2","2",0,23,0,0,1,21,1,0,0,0
"367",978,300,1150,"21","2","2",0,18,0,0,1,16,1,0,0,0
"368",979,300,1658,"21","2","2",0,15,0,0,0,15,0,0,0,0
"369",980,300,1658,"21","2","2",0,15,0,0,0,15,0,0,0,0
"370",981,300,1658,"21","2","2",0,15,0,0,0,15,0,0,0,0
"371",982,50,130,"35","3","3",0,0,0,0,0,0,0,0,0,0
"372",983,1044,1200,"32","3","3",2,13,0,0,0,13,2,0,0,0
"373",984,300,1150,"21","2","2",0,22,0,0,2,19,1,0,0,0
"374",986,1470,1592,"21","2","2",0,10,0,0,0,10,0,0,0,0
"375",988,1275,2015,"37","3","1",8,0,0,0,0,0,8,0,0,0
"376",989,1200,1500,"37","3","1",2,0,0,0,0,0,1,1,0,0
"377",990,1100,2015,"37","3","1",7,0,0,0,0,0,7,0,0,0
"378",991,1100,2015,"37","3","1",10,0,0,0,0,0,9,1,0,0
"379",992,1100,2015,"37","3","1",10,0,0,0,0,0,9,1,0,0
"380",993,1200,2015,"37","3","1",17,0,0,0,0,0,16,1,0,0
"381",994,1100,1475,"37","3","1",3,2,0,0,0,2,3,0,0,0
"382",995,1275,2015,"37","3","1",21,1,0,0,0,0,18,3,1,0
"383",996,1100,2015,"37","3","1",14,2,0,0,0,0,11,2,2,1
"384",997,1300,2015,"37","3","1",25,1,0,0,0,0,19,6,1,0
"385",998,1200,2015,"37","3","1",24,1,0,0,0,0,19,5,1,0
"386",1001,1593,1780,"21","2","2",2,12,0,0,2,7,2,2,1,0
"387",1002,1593,1780,"21","2","2",1,5,0,0,3,2,1,0,0,0
"388",1003,1593,1780,"21","2","2",2,10,0,0,5,4,2,1,0,0
"389",1004,1593,1780,"21","2","2",2,1,0,0,0,1,2,0,0,0
"390",1005,1593,1780,"21","2","2",1,3,0,0,0,2,1,1,0,0
"391",1006,1593,1780,"21","2","2",0,2,0,0,0,2,0,0,0,0
"392",1007,1593,1780,"21","2","2",0,5,0,0,0,5,0,0,0,0
"393",1008,1593,1780,"21","2","2",0,3,0,0,0,3,0,0,0,0
"394",1009,1593,1780,"21","2","2",0,3,0,0,0,3,0,0,0,0
"395",1010,1593,1780,"21","2","2",0,6,0,0,0,6,0,0,0,0
"396",1011,1593,1780,"21","2","2",0,4,0,0,0,4,0,0,0,0
"397",1012,1593,1780,"21","2","2",0,3,0,0,0,3,0,0,0,0
"398",1013,1593,1780,"21","2","2",0,5,0,0,0,5,0,0,0,0
"399",1014,1593,1780,"21","2","2",0,6,0,0,0,6,0,0,0,0
"400",1015,1593,1780,"21","2","2",0,2,0,0,0,2,0,0,0,0
"401",1016,1593,1780,"21","2","2",0,3,0,0,0,3,0,0,0,0
"402",1017,1593,1780,"21","2","2",0,3,0,0,0,3,0,0,0,0
"403",1018,1593,1780,"21","2","2",0,4,0,0,1,3,0,0,0,0
"404",1019,1593,1780,"21","2","2",0,2,0,0,0,2,0,0,0,0
"405",1020,1593,1780,"21","2","2",0,3,0,0,0,3,0,0,0,0
"406",1021,1593,1780,"21","2","2",0,3,0,0,0,3,0,0,0,0
"407",1022,1593,1780,"21","2","2",0,4,0,0,0,4,0,0,0,0
"408",1023,1593,1780,"21","2","2",0,4,0,0,0,4,0,0,0,0
"409",1024,1593,1780,"21","2","2",0,4,0,0,0,4,0,0,0,0
"410",1025,1593,1780,"21","2","2",0,4,0,0,0,4,0,0,0,0
"411",1026,1593,1780,"21","2","2",0,5,0,0,0,5,0,0,0,0
"412",1027,1593,1780,"21","2","2",0,5,0,0,0,5,0,0,0,0
"413",1028,1593,1780,"21","2","2",0,2,0,0,0,2,0,0,0,0
"414",1029,1593,1780,"21","2","2",0,2,0,0,0,2,0,0,0,0
"415",1030,1635,1780,"21","2","2",0,4,0,0,0,4,0,0,0,0
"416",1031,1635,1780,"21","2","2",0,4,0,0,0,4,0,0,0,0
"417",1032,1635,1780,"21","2","2",0,4,0,0,0,4,0,0,0,0
"418",1033,1635,1780,"21","2","2",0,5,0,0,0,5,0,0,0,0
"419",1034,1635,1780,"21","2","2",0,4,0,0,0,4,0,0,0,0
"420",1035,1635,1780,"21","2","2",0,4,0,0,0,4,0,0,0,0
"421",1036,1635,1780,"21","2","2",0,2,0,0,0,2,0,0,0,0
"422",1037,1635,1780,"21","2","2",0,4,0,0,0,4,0,0,0,0
"423",1038,1635,1780,"21","2","2",0,4,0,0,0,4,0,0,0,0
"424",1039,1635,1780,"21","2","2",0,4,0,0,0,4,0,0,0,0
"425",1040,1635,1780,"21","2","2",0,5,0,0,0,5,0,0,0,0
"426",1041,1619,1780,"21","2","2",0,1,0,0,0,0,0,0,1,0
"427",1042,1635,1780,"21","2","2",0,5,0,0,0,5,0,0,0,0
"428",1043,1624,1780,"21","2","2",0,3,0,0,0,2,0,0,1,0
"429",1044,1624,1780,"21","2","2",0,3,0,0,0,2,0,0,1,0
"430",1045,1624,1780,"21","2","2",0,2,0,0,0,2,0,0,0,0
"431",1046,1617,1780,"21","2","2",0,2,0,0,0,2,0,0,0,0
"432",1047,1593,1780,"21","2","2",2,7,0,0,1,4,3,0,1,0
"433",1048,1593,1780,"21","2","2",2,9,0,0,3,5,3,0,0,0
"434",1049,1593,1780,"21","2","2",1,9,0,0,0,6,3,0,1,0
"435",1050,1593,1780,"21","2","2",2,8,0,0,1,5,3,0,1,0
"436",1051,1619,1780,"21","2","2",0,3,0,0,0,2,0,1,0,0
"437",1052,1593,1780,"21","2","2",1,2,0,0,0,1,1,1,0,0
"438",1053,1619,1780,"21","2","2",0,2,0,0,0,2,0,0,0,0
"439",1054,1593,1780,"21","2","2",0,3,0,0,0,3,0,0,0,0
"440",1055,1593,1780,"21","2","2",0,3,0,0,1,2,0,0,0,0
"441",1056,1593,1780,"21","2","2",0,1,0,0,0,1,0,0,0,0
"442",1057,1617,1780,"21","2","2",0,2,0,0,0,2,0,0,0,0
"443",1058,1619,1846,"21","2","2",0,2,0,0,0,2,0,0,0,0
"444",1059,1619,1846,"21","2","2",0,4,0,0,0,4,0,0,0,0
"445",1060,1619,1846,"21","2","2",0,2,0,0,0,2,0,0,0,0
"446",1061,1619,1846,"21","2","2",0,4,0,0,1,3,0,0,0,0
"447",1062,1619,1846,"21","2","2",0,3,0,0,1,2,0,0,0,0
"448",1063,1624,1780,"21","2","2",0,3,0,0,0,3,0,0,0,0
"449",1064,1624,1780,"21","2","2",0,3,0,0,0,3,0,0,0,0
"450",1065,1624,1780,"21","2","2",0,2,0,0,0,2,0,0,0,0
"451",1066,1624,1780,"21","2","2",0,4,0,0,0,4,0,0,0,0
"452",1067,1624,1780,"21","2","2",0,3,0,0,0,3,0,0,0,0
"453",1068,1624,1780,"21","2","2",0,3,0,0,0,3,0,0,0,0
"454",1069,1624,1780,"21","2","2",0,3,0,0,0,2,0,0,1,0
"455",1070,1624,1780,"21","2","2",0,2,0,0,0,2,0,0,0,0
"456",1071,1624,1780,"21","2","2",0,3,0,0,0,2,0,0,1,0
"457",1072,1635,1780,"21","2","2",0,2,0,0,0,2,0,0,0,0
"458",1073,1635,1780,"21","2","2",0,4,0,0,0,4,0,0,0,0
"459",1074,1619,1846,"21","2","2",0,5,0,0,0,5,0,0,0,0
"460",1075,1619,1846,"21","2","2",0,3,0,0,1,2,0,0,0,0
"461",1076,1619,1846,"21","2","2",0,5,0,0,0,5,0,0,0,0
"462",1077,1619,1846,"21","2","2",0,5,0,0,0,5,0,0,0,0
"463",1078,1619,1846,"21","2","2",0,5,0,0,0,5,0,0,0,0
"464",1079,1619,1849,"21","2","2",0,6,0,0,0,6,0,0,0,0
"465",1080,1593,1780,"21","2","2",0,1,0,0,0,1,0,0,0,0
"466",1081,1593,1780,"21","2","2",0,2,0,0,0,2,0,0,0,0
"467",1082,1624,1780,"21","2","2",0,3,0,0,0,3,0,0,0,0
"468",1083,1593,1780,"21","2","2",0,0,0,0,0,0,0,0,0,0
"469",1084,1680,1781,"52","5","2",13,3,1,0,2,0,10,3,2,0
"470",1085,1492,1680,"52","5","2",4,1,0,0,0,0,2,2,1,0
"471",1086,1680,1739,"52","5","2",5,2,0,0,0,0,4,1,2,0
"472",1087,1739,1798,"52","5","2",5,2,0,0,0,0,4,1,2,0
"473",1088,1680,1739,"52","5","2",3,5,0,0,4,0,2,1,1,0
"474",1089,1739,1800,"52","5","2",3,4,0,0,3,0,2,1,1,0
"475",1090,1070,1247,"53","5","2",2,26,0,1,0,25,0,4,0,0
"476",1091,1700,1790,"52","5","2",10,2,1,0,0,0,8,4,1,0
"477",1092,1188,1700,"52","5","2",15,1,0,2,1,0,13,4,0,0
"478",1093,1700,1781,"52","5","2",10,3,1,0,1,0,8,2,3,0
"479",1094,1444,1500,"53","5","2",2,5,0,0,0,4,2,1,0,0
"480",1095,1500,1700,"52","5","2",1,1,0,0,0,0,0,1,1,0
"481",1096,1700,1790,"52","5","2",1,3,0,0,0,0,0,2,2,0
"482",1097,1128,1700,"52","5","2",1,2,0,0,0,0,0,2,1,0
"483",1098,1554,1791,"52","5","2",0,0,0,0,0,0,0,0,0,0
"484",1099,800,1730,"52","5","2",0,0,0,0,0,0,0,0,0,0
"485",1201,1100,2015,"37","3","1",8,4,0,0,0,2,5,2,2,1
"486",1202,1175,2015,"37","3","1",11,1,0,0,0,0,9,2,1,0
"487",1203,1100,1200,"37","3","1",14,2,0,0,0,0,11,2,2,1
"488",1204,1200,1930,"37","3","1",26,1,0,0,0,0,21,5,1,0
"489",1205,1150,2015,"37","3","1",17,1,0,0,0,0,15,2,1,0
"490",1206,1100,1800,"37","3","1",11,0,0,0,0,0,10,1,0,0
"491",1207,1250,1500,"43","4","1",21,1,0,0,0,0,17,4,1,0
"492",1208,1200,1500,"43","4","1",25,1,0,0,0,0,21,4,1,0
"493",1210,1200,1500,"43","4","1",26,1,0,0,0,0,22,4,1,0
"494",1211,1200,1500,"43","4","1",27,1,0,0,0,0,23,4,1,0
"495",1212,1200,1975,"37","3","1",8,0,0,0,0,0,7,1,0,0
"496",1213,1100,1800,"37","3","1",10,2,0,0,0,0,8,1,2,1
"497",1214,1100,2015,"37","3","1",11,2,0,0,0,0,9,1,2,1
"498",1215,1100,2015,"37","3","1",7,2,0,0,0,0,6,0,2,1
"499",1216,1175,1975,"37","3","1",12,1,0,0,0,0,11,1,1,0
"500",1217,1200,2015,"37","3","1",17,1,0,0,0,0,13,4,1,0
"501",1218,1275,2015,"37","3","1",9,0,0,0,0,0,9,0,0,0
"502",1219,1100,1475,"37","3","1",4,0,0,0,0,0,4,0,0,0
"503",1220,1200,2015,"37","3","1",8,0,0,0,0,0,8,0,0,0
"504",1221,1200,2015,"37","3","1",10,0,0,0,0,0,10,0,0,0
"505",1222,1100,2015,"37","3","1",5,0,0,0,0,0,5,0,0,0
"506",1223,1300,2015,"37","3","1",14,0,0,0,0,0,14,0,0,0
"507",1224,1175,1896,"37","3","1",16,0,0,0,0,0,15,1,0,0
"508",1225,1200,1400,"37","3","1",8,0,0,0,0,0,8,0,0,0
"509",1226,1200,2015,"37","3","1",13,2,0,0,1,1,13,0,0,0
"510",1227,1200,1600,"37","3","1",21,2,0,0,1,1,20,1,0,0
"511",1228,1100,1400,"37","3","1",16,16,0,0,1,14,14,2,1,0
"512",1229,1300,2015,"37","3","1",28,2,0,0,1,0,26,2,1,0
"513",1230,1300,2015,"37","3","1",26,3,0,0,1,0,24,2,2,0
"514",1231,1175,2015,"37","3","1",15,2,0,0,1,1,15,0,0,0
"515",1232,1100,2015,"37","3","1",11,17,0,0,1,16,11,0,0,0
"516",1233,1175,1400,"37","3","1",25,3,0,0,2,1,24,1,0,0
"517",1235,1100,1250,"37","3","1",15,18,0,0,1,17,15,0,0,0
"518",1237,1100,1975,"37","3","1",0,6,0,0,0,6,0,0,0,0
"519",1238,1300,2015,"37","3","1",10,4,0,0,3,0,8,2,1,0
"520",1239,1300,1700,"37","3","1",9,4,0,0,3,0,7,2,1,0
"521",1240,1375,2015,"37","3","1",12,1,0,0,1,0,11,1,0,0
"522",1241,1100,1200,"37","3","1",10,16,0,0,1,13,8,3,1,0
"523",1242,1300,2015,"37","3","1",17,5,0,2,3,0,11,9,1,0
"524",1243,1100,1888,"37","3","1",13,26,0,1,4,20,10,5,1,0
"525",1244,1100,1790,"44","4","1",14,30,0,1,3,25,12,4,1,0
"526",1245,1100,1800,"37","3","1",14,25,0,0,2,21,11,4,1,0
"527",1246,1100,1800,"37","3","1",13,30,0,1,3,25,10,5,1,0
"528",1247,1100,2015,"37","3","1",17,23,0,1,2,19,14,5,1,0
"529",1248,1100,1375,"37","3","1",16,15,0,1,1,14,15,2,0,0
"530",1249,1075,2015,"37","3","1",2,16,0,1,0,14,0,4,1,0
"531",1250,1100,1400,"37","3","1",14,14,0,2,1,11,11,6,1,0
"532",1251,1275,2015,"37","3","1",20,4,0,1,1,0,16,6,2,0
"533",1252,1100,2015,"37","3","1",12,25,0,1,1,23,10,4,0,0
"534",1253,1175,2015,"37","3","1",18,3,0,1,1,1,17,3,0,0
"535",1254,1175,2015,"37","3","1",17,4,0,0,1,2,16,2,0,0
"536",1255,1100,1940,"37","3","1",9,24,0,0,1,22,8,2,0,0
"537",1256,1100,1700,"37","3","1",7,23,0,0,1,21,7,1,0,0
"538",1257,1100,1940,"37","3","1",5,14,0,0,0,13,5,1,0,0
"539",1258,1175,1958,"37","3","1",5,1,0,0,0,1,4,1,0,0
"540",1259,1200,1940,"43","4","1",15,3,0,1,0,1,9,8,1,0
"541",1260,1200,1790,"43","4","1",15,3,0,1,0,1,7,10,1,0
"542",1261,900,1000,"21","2","2",2,12,0,0,0,12,0,2,0,0
"543",1262,1275,1790,"43","4","1",14,1,0,0,0,0,0,15,0,0
"544",1263,1200,1790,"43","4","1",15,2,1,2,0,1,1,17,1,0
"545",1264,1300,1775,"43","4","1",19,5,1,2,0,0,0,24,3,0
"546",1265,1175,1790,"43","4","1",9,4,0,0,0,0,0,12,1,0
"547",1266,1150,1790,"43","4","1",9,3,0,0,0,0,0,11,1,0
"548",1267,1100,1500,"43","4","1",10,21,1,1,0,17,0,14,2,0
"549",1268,900,1100,"42","4","1",1,18,0,0,0,14,0,3,2,0
"550",1269,1275,1790,"43","4","1",17,7,1,1,0,0,0,22,4,0
"551",1270,1200,1400,"43","4","1",16,8,1,2,0,0,0,23,4,0
"552",1271,1200,1400,"43","4","1",16,8,1,2,0,0,0,24,3,0
"553",1272,1100,1500,"43","4","1",9,28,0,1,2,19,1,13,3,0
"554",1273,1100,1600,"37","3","1",1,0,0,0,0,0,1,0,0,0
"555",1274,1250,1790,"43","4","1",22,1,0,0,0,0,17,5,1,0
"556",1275,1200,1400,"37","3","1",11,0,0,0,0,0,11,0,0,0
"557",1276,1200,1500,"37","3","1",2,1,0,0,1,0,1,1,0,0
"558",1296,250,400,"22","2","2",2,1,1,0,0,1,3,0,0,0
"559",1297,40,200,"13","1","2",0,2,0,0,2,0,0,0,0,0
"560",1300,15,50,"17","1","2",0,0,0,0,0,0,0,0,0,0
"561",1301,300,1150,"21","2","2",0,18,0,0,1,16,1,0,0,0
"562",1302,300,1150,"21","2","2",0,18,0,0,0,17,1,0,0,0
"563",1303,300,1685,"21","2","2",1,17,0,0,0,17,1,0,0,0
"564",1304,300,1360,"21","2","2",1,16,0,0,1,15,1,0,0,0
"565",1311,1752,1789,"44","4","3",7,2,2,0,2,0,1,8,0,0
"566",1312,1626,1752,"44","4","3",7,8,1,0,1,7,1,7,0,0
"567",1313,1100,1625,"44","4","3",1,8,0,0,0,8,1,0,0,0
"568",1314,1458,1789,"43","4","3",1,2,1,0,0,2,0,2,0,0
"569",1401,1730,1790,"52","5","2",1,2,0,0,0,0,0,1,2,0
"570",1402,1460,1700,"52","5","2",3,0,0,0,0,0,2,1,0,0
"571",1403,1700,1791,"52","5","2",3,1,0,0,0,0,2,1,1,0
"572",1404,1736,1784,"52","5","2",1,2,0,0,1,0,0,1,1,0
"573",1405,1499,1739,"52","5","2",4,2,0,0,0,0,3,2,1,0
"574",1406,1739,1790,"52","5","2",1,1,0,0,0,0,1,0,1,0
"575",1407,1184,1762,"52","5","2",7,2,0,0,0,0,0,8,1,0
"576",1408,1762,1790,"52","5","2",5,1,0,0,0,0,1,4,1,0
"577",1409,1680,1802,"52","5","2",0,0,0,0,0,0,0,0,0,0
"578",1410,1630,1739,"52","5","2",1,2,0,0,1,0,0,1,1,0
"579",1411,1363,1680,"52","5","2",1,5,0,0,0,3,0,3,0,0
"580",1412,1680,1781,"52","5","2",1,3,0,0,1,0,0,2,1,0
"581",1413,1554,1796,"52","5","2",0,0,0,0,0,0,0,0,0,0
"582",1414,900,1798,"53","5","2",2,22,1,2,0,16,0,8,3,0
"583",1415,1546,1800,"53","5","2",1,3,2,0,0,2,2,2,0,0
"584",1416,1367,1791,"53","5","2",5,4,0,0,0,0,5,3,1,0
"585",1417,1344,1790,"53","5","2",6,3,0,0,1,0,5,3,0,0
"586",1418,1306,1711,"53","5","2",0,6,0,0,0,4,0,2,0,0
"587",1419,1711,1790,"53","5","2",2,2,0,0,0,0,2,1,1,0
"588",1420,1695,1790,"53","5","2",0,1,0,0,0,0,0,1,0,0
"589",1421,1185,1790,"53","5","2",0,0,0,0,0,0,0,0,0,0
"590",1422,1733,1836,"53","5","2",0,2,0,0,0,2,0,0,0,0
"591",1423,1656,1802,"53","5","2",0,1,0,0,0,0,0,0,1,0
"592",1424,1802,1931,"53","5","2",0,0,0,0,0,0,0,0,0,0
"593",1425,1427,1680,"53","5","2",0,0,0,0,0,0,0,0,0,0
"594",1426,1680,1790,"53","5","2",1,2,0,0,0,0,0,1,2,0
"595",1427,1605,1790,"53","5","2",0,0,0,0,0,0,0,0,0,0
"596",1428,1247,1700,"52","5","2",15,6,0,1,3,0,12,5,2,0
"597",1429,1700,1790,"52","5","2",5,2,0,0,1,0,3,2,1,0
"598",1430,1100,1736,"52","5","2",2,1,0,0,0,0,0,2,1,0
"599",1431,1050,1499,"52","5","2",1,0,0,0,0,0,0,1,0,0
"600",1432,1739,1746,"52","5","2",5,2,0,0,0,0,0,5,2,0
"601",1433,1746,1791,"52","5","2",2,1,0,0,0,0,1,1,1,0
"602",1434,1600,1791,"53","5","2",0,0,0,0,0,0,0,0,0,0
"603",1435,800,1128,"53","5","2",0,0,0,0,0,0,0,0,0,0
"604",1436,1730,1790,"52","5","2",1,2,0,0,0,0,0,1,2,0
"605",1437,1630,1739,"52","5","2",5,1,0,0,0,0,0,5,1,0
"606",1438,1600,1791,"53","5","2",0,0,0,0,0,0,0,0,0,0
"607",1439,1620,1790,"53","5","2",0,1,0,0,0,0,0,1,0,0
"608",1440,1626,1791,"53","5","2",0,2,0,0,0,0,0,2,0,0
"609",1441,1788,1791,"53","5","2",0,0,0,0,0,0,0,0,0,0
"610",1442,1780,1931,"53","5","2",0,4,0,0,0,2,0,0,2,0
"611",1443,1780,1931,"53","5","2",0,2,0,0,0,0,0,0,2,0
"612",1444,1780,1931,"53","5","2",0,6,0,0,0,4,0,0,2,0
"613",1445,1780,1896,"53","5","2",1,0,0,0,0,0,0,1,0,0
"614",1446,1846,2015,"53","5","2",0,0,0,0,0,0,0,0,0,0
"615",1447,1680,1749,"52","5","2",17,2,0,0,0,0,16,1,2,0
"616",1448,1000,1100,"52","5","2",3,0,0,0,0,0,0,2,0,1
"617",1449,1680,1749,"53","5","2",16,2,0,0,0,0,15,1,2,0
"618",1450,1749,1791,"52","5","2",15,4,0,0,0,0,14,1,4,0
"619",1451,1749,1791,"52","5","2",16,4,0,0,0,0,15,1,4,0
"620",1452,1100,1791,"52","5","2",16,1,0,0,0,0,13,2,1,1
"621",1453,1200,1798,"53","5","2",23,8,1,3,0,1,12,18,4,0
"622",1454,1000,1680,"52","5","2",2,9,0,0,0,9,0,2,0,0
"623",1455,600,1600,"53","5","2",0,1,0,0,0,0,0,1,0,0
"624",1456,1200,1600,"53","5","2",2,4,0,0,0,0,1,1,2,2
"625",1457,1600,1791,"53","5","2",5,2,0,0,0,0,2,2,1,2
"626",1458,1200,1600,"53","5","2",0,3,0,0,0,0,0,1,2,0
"627",1459,1150,1791,"42","4","1",22,1,0,0,0,0,20,2,1,0
"628",1460,1475,1791,"42","4","1",1,5,0,0,0,0,1,3,2,0
"629",1461,1171,1791,"43","4","1",1,1,0,0,0,0,0,1,1,0
"630",1462,1550,1791,"43","4","2",5,4,0,0,0,0,2,2,3,2
"631",1463,969,1200,"42","4","1",0,1,0,0,0,0,0,0,1,0
"632",1464,1260,1791,"43","4","2",0,3,0,0,0,2,0,1,0,0
"633",1465,1080,1792,"42","4","1",0,6,0,0,0,6,0,0,0,0
"634",1466,1250,1791,"43","4","2",2,1,0,0,0,0,0,3,0,0
"635",1468,1480,1791,"42","4","1",0,1,0,0,0,0,0,0,1,0
"636",1469,1639,1791,"43","4","2",0,1,0,0,0,0,0,1,0,0
"637",1470,1785,1791,"42","4","1",2,1,0,0,0,0,0,2,1,0
"638",1471,1785,1798,"42","4","1",3,1,0,0,0,0,3,0,1,0
"639",1472,1616,1792,"43","4","2",3,1,0,0,0,0,3,1,0,0
"640",1473,1323,1791,"43","4","2",10,2,0,0,1,0,8,3,0,0
"641",1474,1638,1791,"44","4","1",0,1,0,0,0,0,0,1,0,0
"642",1475,1639,1791,"43","4","2",0,2,0,0,0,0,0,1,1,0
"643",1476,1625,1791,"43","4","2",0,1,0,0,0,0,0,1,0,0
"644",1477,1000,1856,"42","4","1",0,0,0,0,0,0,0,0,0,0
"645",1478,1488,1836,"44","4","2",1,0,0,0,0,0,1,0,0,0
"646",1479,1440,1777,"42","4","1",0,8,0,0,0,6,0,0,2,0
"647",1480,1300,1500,"42","4","4",45,13,1,1,3,0,21,30,6,0
"648",1481,1500,1791,"43","4","2",7,4,0,0,0,0,6,3,2,0
"649",1482,1626,1791,"43","4","2",0,2,0,0,0,0,0,1,1,0
"650",1483,1676,1791,"44","4","1",0,3,0,0,0,0,0,3,0,0
"651",1486,1200,1795,"42","4","1",12,9,0,2,2,0,0,18,3,0
"652",1487,1793,2015,"18","1","2",3,2,1,0,1,0,2,2,1,0
"653",1489,512,1073,"43","4","1",0,0,0,0,0,0,0,0,0,0
"654",1490,1073,1150,"42","4","1",2,1,0,0,0,0,0,1,1,1
"655",1491,1128,1475,"43","4","2",1,2,0,0,0,0,0,1,2,0
"656",1492,836,1128,"42","4","1",0,1,0,0,0,0,0,0,1,0
"657",1493,900,1301,"42","4","1",2,8,0,0,0,8,0,2,0,0
"658",1494,507,900,"42","4","1",1,0,0,0,0,0,0,1,0,0
"659",1495,1777,1791,"37","3","1",1,1,0,0,0,0,0,1,1,0
"660",1496,800,1100,"42","4","1",1,2,0,0,0,0,1,0,2,0
"661",1497,1100,1140,"42","4","1",1,2,0,0,0,0,0,1,2,0
"662",1498,1150,1500,"42","4","1",1,1,0,0,0,0,0,1,1,0
"663",1499,500,850,"42","4","1",0,0,0,0,0,0,0,0,0,0
"664",1500,850,1150,"42","4","1",1,0,0,0,0,0,0,1,0,0
"665",1501,1525,1791,"42","4","1",4,7,0,0,0,4,3,3,1,0
"666",1502,1767,1791,"42","4","1",5,2,0,0,2,0,4,1,0,0
"667",1503,1856,1890,"42","4","1",1,1,0,0,0,0,0,1,1,0
"668",1504,1787,2000,"42","4","1",1,2,0,0,0,0,0,1,2,0
"669",1507,970,1550,"43","4","2",1,2,0,0,0,0,0,1,1,1
"670",1508,575,853,"43","4","2",2,0,0,0,0,0,1,0,0,1
"671",1509,935,970,"43","4","2",1,1,0,0,0,0,0,0,1,1
"672",1511,1400,1507,"42","4","3",1,7,2,0,0,7,0,3,0,0
"673",1512,1279,1400,"42","4","3",2,7,2,0,0,7,0,4,0,0
"674",1513,1547,2000,"42","4","3",7,14,3,0,0,12,3,8,1,0
"675",1514,1507,1547,"42","4","3",2,7,3,0,0,7,2,3,0,0
"676",1515,1170,1279,"42","4","3",2,7,2,0,0,7,0,4,0,0
"677",1516,1133,1170,"42","4","3",2,13,2,0,0,13,0,4,0,0
"678",1518,1301,1785,"42","4","1",9,0,0,0,0,0,1,8,0,0
"679",1519,1200,1787,"42","4","1",1,1,0,0,0,0,0,1,1,0
"680",1521,1014,1200,"43","4","4",3,29,1,2,0,23,0,9,3,0
"681",1524,482,1014,"43","4","4",0,1,1,3,0,0,0,4,1,0
"682",1525,1488,1767,"42","4","1",2,6,0,0,0,4,2,1,1,0
"683",1526,1100,1488,"42","4","1",4,7,0,0,0,7,4,0,0,0
"684",1527,1363,1525,"42","4","1",0,6,0,0,0,3,0,2,1,0
"685",1528,1225,1250,"43","4","1",1,1,0,0,0,0,0,2,0,0
"686",1529,1367,1500,"43","4","2",5,4,0,0,0,0,5,2,2,0
"687",1530,1323,1791,"43","4","2",11,2,0,0,1,0,9,3,0,0
"688",1531,1307,1791,"43","4","2",6,3,0,0,0,0,6,1,2,0
"689",1532,1618,1791,"43","4","2",1,6,0,0,6,0,0,1,0,0
"690",1534,1224,1791,"43","4","2",1,0,0,0,0,0,0,1,0,0
"691",1535,1242,1853,"43","4","2",1,8,1,0,0,8,1,1,0,0
"692",1536,1643,1773,"43","4","2",0,1,0,0,1,0,0,0,0,0
"693",1537,1626,1791,"43","4","2",0,2,0,0,0,0,0,1,1,0
"694",1538,1633,1791,"43","4","2",1,2,0,0,1,0,1,1,0,0
"695",1539,1620,1791,"43","4","2",0,2,0,0,0,0,0,0,2,0
"696",1540,1625,1798,"43","4","2",0,1,0,0,0,0,0,1,0,0
"697",1541,1608,1792,"43","4","2",5,6,0,0,0,3,7,0,1,0
"698",1542,1676,1791,"43","4","2",1,5,0,0,1,0,0,5,0,0
"699",1543,1638,1762,"43","4","2",3,1,0,0,0,0,2,2,0,0
"700",1626,800,1300,"52","5","2",0,0,0,0,0,0,0,0,0,0
"701",1631,900,1100,"21","2","2",2,22,0,0,0,22,1,0,0,1
"702",1664,1100,1358,"37","3","1",1,1,0,0,2,0,0,0,0,0
"703",1708,200,900,"63","6","1",0,0,0,0,0,0,0,0,0,0
"704",1710,1358,1550,"21","2","2",1,4,0,0,0,4,1,0,0,0
"705",1717,40,300,"17","1","2",1,1,0,0,0,0,1,0,0,1
"706",1720,65,100,"37","3","1",6,0,0,0,0,0,6,0,0,0
"707",1721,100,300,"37","3","1",17,0,0,0,1,0,16,0,0,0
"708",1723,1050,1300,"34","3","2",3,1,0,0,0,0,0,1,0,3
"709",1730,1000,1350,"37","3","1",4,0,0,0,0,0,4,0,0,0
"710",1731,1000,1350,"37","3","1",4,1,0,0,0,1,4,0,0,0
"711",1732,1000,1350,"37","3","1",4,0,0,0,0,0,4,0,0,0
"712",1733,1000,1350,"37","3","1",4,0,0,0,0,0,4,0,0,0
"713",1735,1356,1592,"21","2","2",0,7,0,0,1,6,0,0,0,0
"714",1736,1356,1592,"21","2","2",0,7,0,0,1,6,0,0,0,0
"715",1737,1356,1592,"21","2","2",0,8,0,0,1,7,0,0,0,0
"716",1739,1356,1450,"21","2","2",0,11,0,0,1,10,0,0,0,0
"717",1740,75,125,"12","1","1",0,0,0,0,0,0,0,0,0,0
"718",1755,100,200,"37","3","1",16,0,0,0,1,0,15,0,0,0
"719",1763,15,50,"65","6","2",1,0,0,0,0,0,1,0,0,0
"720",1766,15,95,"37","3","1",0,0,0,0,0,0,0,0,0,0
"721",1773,350,470,"51","5","2",0,1,0,0,0,0,0,0,1,0
"722",1774,470,700,"51","5","2",1,1,1,3,0,0,0,4,1,1
"723",1781,700,1791,"53","5","2",0,4,1,2,0,0,0,3,4,0
"724",1786,1356,1500,"21","2","2",0,10,0,0,2,8,0,0,0,0
"725",1792,1000,1100,"62","6","1",2,1,0,0,0,0,0,2,1,0
"726",1794,1300,1791,"43","4","1",3,3,0,0,0,0,1,1,1,3
"727",1810,869,1480,"21","2","2",0,13,0,0,2,11,0,0,0,0
"728",1837,1150,1791,"42","4","1",1,11,0,0,0,11,0,1,0,0
"729",1840,100,300,"37","3","1",4,0,0,0,0,0,4,0,0,0
"730",1841,100,300,"37","3","1",4,0,0,0,0,0,4,0,0,0
"731",1843,100,300,"37","3","1",4,0,0,0,0,0,4,0,0,0
"732",1845,700,1791,"53","5","2",0,4,1,2,0,0,0,3,4,0
"733",1854,1356,1592,"21","2","2",1,5,0,0,0,5,0,1,0,0
"734",1855,50,100,"37","3","1",3,0,0,0,0,0,2,0,0,1
"735",1856,100,150,"37","3","1",9,0,0,0,0,0,9,0,0,0
"736",1858,1100,1200,"42","4","1",0,0,0,0,0,0,0,0,0,0
"737",1859,1200,1672,"42","4","1",1,1,0,0,0,0,1,1,0,0
"738",1860,1672,1795,"42","4","1",1,1,0,0,0,0,1,1,0,0
"739",1861,1765,1803,"34","3","2",3,1,3,0,0,0,2,4,1,0
"740",1868,1356,1650,"21","2","2",2,8,0,0,0,8,1,1,0,0
"741",1870,1358,1550,"21","2","2",1,5,0,0,0,5,1,0,0,0
"742",1872,20,40,"17","1","2",1,0,0,0,0,0,1,0,0,0
"743",1873,40,150,"17","1","2",5,1,0,0,1,0,2,0,0,3
"744",1884,1550,1650,"21","2","2",2,7,0,0,0,6,2,0,1,0
"745",1885,1050,1791,"63","6","1",2,2,0,0,0,0,1,1,0,2
"746",1886,1050,1300,"63","6","1",2,2,0,0,0,0,1,1,0,2
"747",1887,1300,1791,"63","6","1",3,3,0,0,0,0,1,2,1,2
"748",1892,200,400,"37","3","1",12,0,0,0,1,0,11,0,0,0
"749",2001,1450,1790,"42","4","1",26,5,0,1,2,0,23,5,2,0
"750",2002,1100,1700,"37","3","1",13,7,0,0,0,7,13,0,0,0
"751",2003,1200,1790,"43","4","1",14,7,1,2,0,1,0,19,4,0
"752",2004,1100,1790,"43","4","1",8,21,0,1,0,20,3,7,0,0
"753",2005,1200,1958,"37","3","1",4,0,0,0,0,0,4,0,0,0
"754",2006,1200,2015,"37","3","1",14,5,0,0,2,1,11,4,1,0
"755",2007,1100,1700,"43","4","1",5,14,0,0,0,14,1,4,0,0
"756",2008,1000,1200,"37","3","1",1,13,0,0,0,13,0,1,0,0
"757",2009,1250,2015,"37","3","1",29,3,0,0,1,1,28,1,1,0
"758",2010,1100,1400,"43","4","1",5,23,0,0,3,19,2,3,1,0
"759",2011,1200,1816,"37","3","1",17,4,0,0,1,1,14,4,1,0
"760",2012,1100,1500,"37","3","1",19,19,0,0,1,18,19,0,0,0
"761",2013,1100,2015,"37","3","1",21,19,0,0,1,18,19,2,0,0
"762",2016,1200,2015,"37","3","1",18,1,0,0,0,0,14,4,1,0
"763",2018,1175,1500,"42","4","1",1,0,0,0,0,0,1,0,0,0
"764",2019,1400,2015,"37","3","1",35,5,0,1,3,0,32,3,3,0
"765",2020,1100,1400,"37","3","1",17,23,0,1,2,21,16,2,0,0
"766",2021,1100,1700,"43","4","2",10,21,0,1,1,20,8,3,0,0
"767",2022,1100,2015,"37","3","1",6,0,0,0,0,0,6,0,0,0
"768",2023,1100,1600,"43","4","1",9,20,1,1,0,14,0,14,3,0
"769",2024,1100,1400,"43","4","1",8,19,0,0,0,14,0,11,2,0
"770",2025,1100,1400,"43","4","1",9,17,0,0,0,14,0,11,1,0
"771",2026,600,900,"43","4","2",0,1,0,1,0,0,0,1,1,0
"772",2027,1100,1400,"43","4","1",9,17,0,0,0,14,0,11,1,0
"773",2028,1100,1600,"43","4","1",8,19,0,0,0,15,0,11,1,0
"774",2029,1200,2015,"37","3","1",5,0,0,0,0,0,4,1,0,0
"775",2030,1200,2015,"37","3","1",5,0,0,0,0,0,4,1,0,0
"776",2031,1100,1790,"43","4","1",7,14,0,0,0,13,0,8,0,0
"777",2032,1100,1790,"43","4","1",9,15,0,0,0,14,0,10,0,0
"778",2033,1200,1400,"37","3","1",23,5,0,2,1,2,19,7,1,0
"779",2034,1100,1700,"37","3","1",10,20,0,0,2,16,8,3,1,0
"780",2035,1200,1600,"37","3","1",21,5,0,2,1,1,19,5,2,0
"781",2036,1100,1700,"37","3","1",11,23,0,0,2,19,9,3,1,0
"782",2037,1100,1700,"37","3","1",10,23,0,0,2,19,8,3,1,0
"783",2038,1100,1887,"37","3","1",14,26,0,1,4,20,11,5,1,0
"784",2039,1100,1600,"37","3","1",13,25,0,0,1,23,11,3,0,0
"785",2040,1400,2015,"37","3","1",31,2,0,0,1,0,29,2,1,0
"786",2041,1200,1600,"37","3","1",21,6,0,2,1,2,18,6,2,0
"787",2042,1300,1700,"43","4","1",16,8,0,2,2,0,2,19,3,0
"788",2043,900,1100,"43","4","1",1,26,0,1,0,19,0,5,4,0
"789",2044,1100,2015,"37","3","1",10,27,0,1,3,21,3,9,2,0
"790",2045,1100,1600,"37","3","1",1,0,0,0,0,0,1,0,0,0
"791",2046,1100,1790,"43","4","1",12,30,0,1,2,21,1,16,3,0
"792",2047,1100,1600,"37","3","1",6,2,0,0,0,0,5,0,2,1
"793",2048,1100,1700,"37","3","1",8,2,0,0,0,0,6,1,2,1
"794",2049,1200,2015,"37","3","1",21,1,0,0,0,1,21,0,0,0
"795",2050,1100,1800,"37","3","1",16,15,0,0,1,14,15,1,0,0
"796",2051,1100,1600,"37","3","1",15,2,0,0,0,0,12,2,2,1
"797",2052,1100,2015,"37","3","1",13,2,0,0,0,0,10,2,2,1
"798",2053,1100,1800,"37","3","1",11,0,0,0,0,0,10,1,0,0
"799",2054,1100,1800,"37","3","1",12,2,0,0,0,0,10,1,2,1
"800",2055,1100,2015,"37","3","1",3,4,0,0,0,4,1,2,0,0
"801",2057,1100,1400,"43","4","1",10,21,0,0,0,16,0,13,2,0
"802",2058,1100,1175,"37","3","1",13,9,0,0,0,9,13,0,0,0
"803",2059,1175,1300,"37","3","1",19,1,0,0,0,0,18,1,1,0
"804",2060,1100,1300,"37","3","1",13,8,0,0,0,8,13,0,0,0
"805",2061,1200,1600,"37","3","1",22,2,0,0,1,0,20,2,1,0
"806",2062,1200,2015,"37","3","1",11,0,0,0,0,0,11,0,0,0
"807",2063,1100,1400,"37","3","1",4,0,0,0,0,0,4,0,0,0
"808",2064,1100,1400,"37","3","1",13,23,0,0,1,21,12,2,0,0
"809",2065,1200,1300,"37","3","1",12,0,0,0,0,0,12,0,0,0
"810",2067,1275,2015,"37","3","1",24,3,0,0,2,0,23,1,1,0
"811",2068,1100,1800,"37","3","1",17,15,0,0,1,14,16,1,0,0
"812",2069,900,1100,"21","2","2",2,18,0,0,0,16,0,3,1,0
"813",2070,1100,1400,"37","3","1",17,15,0,0,1,14,16,1,0,0
"814",2072,1100,1940,"37","3","1",5,11,0,0,0,11,5,0,0,0
"815",2073,1175,1400,"37","3","1",17,3,0,0,1,1,16,2,0,0
"816",2074,1100,1400,"37","3","1",11,25,0,0,1,23,10,2,0,0
"817",2075,1200,1960,"37","3","1",15,2,0,0,0,1,12,3,1,0
"818",2076,1100,1300,"37","3","1",14,6,0,0,0,6,14,0,0,0
"819",2077,1300,1961,"37","3","1",28,2,0,0,0,0,27,1,2,0
"820",2078,1300,2015,"37","3","1",24,2,0,0,1,0,21,4,0,0
"821",2079,1000,1700,"42","4","1",3,20,0,0,0,19,0,3,1,0
"822",2080,1100,1400,"43","4","1",12,28,0,1,3,21,1,14,2,0
"823",2081,1300,1790,"43","4","1",15,8,0,2,2,0,0,20,3,0
"824",2082,1400,2015,"37","3","1",16,3,0,0,0,0,16,2,1,0
"825",2083,1100,1970,"37","3","1",1,1,0,0,1,0,1,0,0,0
"826",2084,1300,1500,"43","4","1",17,8,0,2,1,0,0,22,4,0
"827",2085,900,1100,"21","2","2",2,17,0,0,0,14,0,4,1,0
"828",2086,1100,1400,"43","4","2",8,24,0,2,2,16,1,12,3,0
"829",2087,1200,1500,"43","4","1",15,1,0,0,0,0,2,14,0,0
"830",2088,900,1200,"37","3","1",0,0,0,0,0,0,0,0,0,0
"831",2089,1300,2015,"37","3","1",14,0,0,0,0,0,14,0,0,0
"832",2090,1300,2015,"37","3","1",15,5,0,2,3,0,10,8,1,0
"833",2091,900,1100,"21","2","2",1,13,0,0,0,12,1,1,0,0
"834",2092,900,1200,"43","4","2",2,18,1,1,0,13,0,5,4,0
"835",2093,1400,1790,"43","4","1",26,8,1,1,0,0,0,32,4,0
"836",2094,1100,1790,"43","4","1",10,12,0,0,0,12,2,8,0,0
"837",2095,900,1100,"21","2","2",1,21,0,0,0,21,0,0,0,1
"838",2096,1000,1400,"37","3","1",1,21,0,0,0,21,0,1,0,0
"839",2097,1375,2015,"37","3","1",30,4,0,1,2,0,27,3,3,0
"840",2098,1000,1782,"42","4","1",2,18,1,1,0,18,1,3,0,0
"841",2099,1300,1375,"37","3","1",27,4,0,2,1,0,26,3,3,0
"842",2302,1100,2015,"37","3","1",13,2,0,0,0,0,11,1,2,1
"843",2303,1816,2015,"37","3","1",9,0,0,0,0,0,9,0,0,0
"844",2304,1200,1300,"42","4","4",36,15,1,2,3,1,16,28,6,0
"845",2307,1200,1400,"37","3","1",20,1,0,0,1,0,18,2,0,0
"846",2308,1500,2015,"37","3","1",33,1,0,0,0,0,28,5,1,0
"847",2309,1500,2015,"37","3","1",35,1,0,0,0,0,29,6,1,0
"848",2310,1500,2015,"37","3","1",39,1,0,0,0,0,33,6,1,0
"849",2311,1500,2015,"37","3","1",40,1,0,0,0,0,34,6,1,0
"850",2312,1790,2015,"37","3","1",11,2,0,0,0,0,9,3,1,0
"851",2313,1790,2015,"37","3","1",6,0,0,0,0,0,2,4,0,0
"852",2314,1790,2015,"37","3","1",7,0,0,0,0,0,3,4,0,0
"853",2315,1790,2015,"37","3","1",10,1,0,0,0,0,4,6,1,0
"854",2316,1790,2015,"37","3","1",8,0,0,0,0,0,3,5,0,0
"855",2317,1790,2015,"37","3","1",6,0,0,0,0,0,2,4,0,0
"856",2318,1790,2015,"37","3","1",7,3,0,0,0,0,3,5,2,0
"857",2319,1790,2015,"37","3","1",18,1,0,0,0,0,16,2,1,0
"858",2320,1790,2015,"37","3","1",12,2,1,0,0,0,9,5,1,0
"859",2321,1790,2015,"37","3","1",5,1,2,0,0,0,2,5,1,0
"860",2322,1790,1940,"37","3","1",6,1,0,0,0,0,2,4,1,0
"861",2323,1790,2015,"37","3","1",8,1,0,0,0,0,4,4,1,0
"862",2324,1790,1875,"37","3","1",5,2,0,0,1,0,2,3,1,0
"863",2325,1790,2015,"37","3","1",11,2,1,0,0,0,4,8,2,0
"864",2326,1790,2015,"37","3","1",12,1,0,0,0,0,5,7,1,0
"865",2327,1790,2015,"37","3","1",12,4,1,0,0,0,4,10,3,0
"866",2328,1790,1940,"37","3","1",4,0,0,0,0,0,2,2,0,0
"867",2329,1500,2015,"37","3","1",37,1,0,0,0,0,31,6,1,0
"868",2330,900,1200,"21","2","2",0,12,0,0,0,12,0,0,0,0
"869",2331,900,1100,"21","2","2",0,12,0,0,0,12,0,0,0,0
"870",2332,900,1100,"21","2","2",0,13,0,0,0,12,0,1,0,0
"871",2333,900,1100,"21","2","2",0,19,0,0,0,18,0,1,0,0
"872",2334,900,1100,"21","2","2",0,19,0,0,0,18,0,1,0,0
"873",2335,900,1100,"21","2","2",0,28,0,1,0,26,0,3,0,0
"874",2336,900,1100,"21","2","2",0,21,0,1,0,19,0,3,0,0
"875",2337,900,1100,"21","2","2",0,24,0,1,0,20,0,3,2,0
"876",2338,900,1100,"21","2","2",1,26,0,1,0,23,0,3,2,0
"877",2339,900,1100,"21","2","2",2,25,0,1,0,24,0,4,0,0
"878",2340,900,1100,"21","2","2",2,27,0,1,0,24,0,4,2,0
"879",2341,900,1100,"21","2","2",2,22,0,1,0,20,0,4,1,0
"880",2342,900,1100,"21","2","2",3,22,0,0,0,20,0,4,1,0
"881",2343,900,1100,"21","2","2",2,21,0,0,0,18,0,3,2,0
"882",2344,900,1100,"21","2","2",2,12,0,0,0,12,0,2,0,0
"883",2345,900,1100,"21","2","2",3,21,0,0,0,17,0,5,2,0
"884",2346,900,1100,"21","2","2",2,16,0,0,0,12,0,4,2,0
"885",2347,900,1100,"21","2","2",3,19,0,0,0,15,0,5,2,0
"886",2348,900,1100,"21","2","2",2,17,0,0,0,13,0,4,2,0
"887",2349,900,1100,"21","2","2",2,17,0,0,0,14,0,4,1,0
"888",2350,900,1100,"21","2","2",2,18,0,0,0,14,0,4,2,0
"889",2351,900,1100,"21","2","2",4,18,0,0,0,16,0,5,1,0
"890",2352,900,1100,"21","2","2",3,17,0,0,0,17,0,3,0,0
"891",2353,900,1100,"21","2","2",2,14,0,0,0,14,0,2,0,0
"892",2354,900,1100,"21","2","2",0,14,0,0,0,14,0,0,0,0
"893",2355,900,1100,"21","2","2",0,14,0,0,0,14,0,0,0,0
"894",2356,900,1100,"21","2","2",1,21,0,0,0,21,0,1,0,0
"895",2357,900,1200,"21","2","2",1,18,0,0,0,18,0,1,0,0
"896",2358,900,1100,"21","2","2",1,23,0,0,0,23,0,1,0,0
"897",2359,900,1100,"21","2","2",1,17,0,0,0,17,0,1,0,0
"898",2360,900,1100,"21","2","2",1,19,0,0,0,19,0,1,0,0
"899",2361,900,1100,"21","2","2",2,24,0,0,0,24,0,1,0,1
"900",2362,900,1100,"21","2","2",1,22,0,0,0,22,0,0,0,1
"901",2363,900,1250,"21","2","2",1,16,0,0,0,16,0,0,0,1
"902",2364,900,1100,"21","2","2",2,26,0,0,0,26,1,0,0,1
"903",2365,900,1100,"21","2","2",2,15,0,0,0,15,1,0,0,1
"904",2366,900,1100,"21","2","2",1,13,0,0,0,13,1,0,0,0
"905",2367,900,1100,"21","2","2",1,14,0,0,0,13,1,1,0,0
"906",2368,900,1100,"21","2","2",0,21,0,0,0,20,0,1,0,0
"907",2369,900,1100,"21","2","2",1,22,0,0,0,22,0,0,0,1
"908",2370,900,1100,"21","2","2",1,21,0,0,0,20,1,1,0,0
"909",2371,900,1100,"21","2","2",0,28,0,1,0,26,0,3,0,0
"910",2372,900,1100,"21","2","2",1,22,0,1,0,20,0,4,0,0
"911",2373,900,1100,"21","2","2",3,28,0,1,0,26,0,5,1,0
"912",2374,900,1100,"21","2","2",4,34,0,0,0,28,0,7,3,0
"913",2375,900,1100,"21","2","2",4,25,0,0,0,23,0,5,1,0
"914",2376,900,1100,"21","2","2",1,26,0,0,0,26,0,1,0,0
"915",2377,900,1100,"21","2","2",2,24,0,0,0,24,0,1,0,1
"916",2378,900,1100,"21","2","2",1,22,0,0,0,22,0,0,0,1
"917",2379,900,1100,"21","2","2",2,22,0,0,0,22,1,0,0,1
"918",2380,900,1100,"21","2","2",2,21,0,0,0,20,1,1,0,1
"919",2381,900,1100,"21","2","2",1,23,0,0,0,22,1,1,0,0
"920",2382,900,1100,"21","2","2",0,27,0,0,0,26,0,1,0,0
"921",2383,900,1100,"21","2","2",1,21,0,0,0,20,0,2,0,0
"922",2384,900,1100,"21","2","2",3,27,0,0,0,26,0,4,0,0
"923",2385,900,1100,"21","2","2",5,28,0,0,0,27,0,6,0,0
"924",2386,900,1100,"21","2","2",4,23,0,0,0,23,0,4,0,0
"925",2387,900,1100,"21","2","2",0,22,0,0,0,22,0,0,0,0
"926",2388,900,1100,"21","2","2",1,22,0,0,0,22,0,0,0,1
"927",2389,900,1100,"21","2","2",1,16,0,0,0,16,0,0,0,1
"928",2390,900,1100,"21","2","2",2,16,0,0,0,16,1,0,0,1
"929",2391,900,1100,"21","2","2",0,12,0,0,0,12,0,0,0,0
"930",2392,900,1100,"21","2","2",0,12,0,0,0,12,0,0,0,0
"931",2393,900,1100,"21","2","2",0,19,0,0,0,18,0,1,0,0
"932",2394,900,1100,"21","2","2",0,21,0,1,0,19,0,3,0,0
"933",2395,900,1100,"21","2","2",1,21,0,0,0,20,0,2,0,0
"934",2396,900,1100,"21","2","2",2,25,0,1,0,24,0,4,0,0
"935",2397,900,1100,"21","2","2",3,18,0,0,0,17,0,4,0,0
"936",2398,900,1100,"21","2","2",3,19,0,0,0,17,0,4,1,0
"937",2399,900,1100,"21","2","2",4,14,0,0,0,13,0,5,0,0
"938",2400,900,1100,"21","2","2",4,17,0,0,0,14,0,6,1,0
"939",2401,900,1100,"21","2","2",0,12,0,0,0,12,0,0,0,0
"940",2402,900,1100,"21","2","2",0,13,0,0,0,13,0,0,0,0
"941",2403,900,1100,"21","2","2",0,18,0,0,0,18,0,0,0,0
"942",2404,900,1100,"21","2","2",1,19,0,0,0,19,0,1,0,0
"943",2405,900,1100,"21","2","2",1,19,0,0,0,19,0,0,0,1
"944",2406,900,1100,"21","2","2",1,22,0,0,0,22,0,0,0,1
"945",2407,900,1100,"21","2","2",1,12,0,0,0,12,1,0,0,0
"946",2408,900,1100,"21","2","2",1,13,0,0,0,12,1,1,0,0
"947",2409,1356,1592,"21","2","2",0,8,0,0,1,7,0,0,0,0
"948",2410,1356,1592,"21","2","2",0,8,0,0,1,7,0,0,0,0
"949",2411,1356,1592,"21","2","2",1,8,0,0,1,7,1,0,0,0
"950",2412,1356,1592,"21","2","2",1,7,0,0,0,7,1,0,0,0
"951",2413,1356,1592,"21","2","2",2,8,0,0,0,8,1,1,0,0
"952",2414,1356,1592,"21","2","2",2,8,0,0,0,8,1,1,0,0
"953",2415,1356,1470,"21","2","2",2,11,0,0,1,10,1,1,0,0
"954",2416,1470,1592,"21","2","2",5,10,0,0,0,10,4,1,0,0
"955",2417,1356,1592,"21","2","2",2,13,0,0,1,12,1,1,0,0
"956",2418,1356,1592,"21","2","2",0,13,0,0,1,11,0,0,1,0
"957",2419,1356,1592,"21","2","2",2,12,0,0,0,12,2,0,0,0
"958",2420,1356,1592,"21","2","2",2,8,0,0,0,8,1,1,0,0
"959",2421,1356,1592,"21","2","2",0,9,0,0,0,8,0,0,1,0
"960",2422,1356,1592,"21","2","2",0,8,0,0,0,7,0,0,1,0
"961",2423,1356,1592,"21","2","2",1,8,0,0,0,7,0,1,1,0
"962",2424,1356,1592,"21","2","2",1,8,0,0,0,7,0,1,1,0
"963",2425,1356,1592,"21","2","2",2,8,0,0,0,7,0,2,1,0
"964",2426,1356,1592,"21","2","2",3,6,0,0,0,4,0,3,2,0
"965",2427,1356,1592,"21","2","2",6,11,0,0,0,8,0,7,2,0
"966",2428,1356,1473,"21","2","2",4,6,0,0,0,5,0,4,1,0
"967",2429,1473,1592,"21","2","2",4,7,0,0,0,6,0,4,1,0
"968",2430,1356,1592,"21","2","2",6,7,0,0,0,5,0,7,1,0
"969",2431,1356,1592,"21","2","2",7,7,0,0,0,5,0,8,1,0
"970",2432,1356,1592,"21","2","2",3,6,0,0,0,5,0,3,1,0
"971",2433,1356,1592,"21","2","2",3,7,0,0,0,6,0,3,1,0
"972",2434,1360,1592,"21","2","2",0,2,0,0,0,2,0,0,0,0
"973",2435,1356,1592,"21","2","2",2,7,0,0,0,5,1,1,2,0
"974",2436,1356,1470,"21","2","2",1,6,0,0,0,4,1,0,2,0
"975",2437,1470,1592,"21","2","2",2,7,0,0,0,5,1,1,2,0
"976",2438,1356,1592,"21","2","2",1,7,0,0,0,5,1,0,2,0
"977",2439,1356,1478,"21","2","2",1,7,0,0,0,6,1,0,1,0
"978",2440,1478,1592,"21","2","2",2,8,0,0,0,7,1,1,1,0
"979",2441,1356,1592,"21","2","2",2,9,0,0,0,8,1,1,1,0
"980",2442,1356,1476,"21","2","2",1,6,0,0,0,6,0,1,0,0
"981",2443,1476,1592,"21","2","2",1,7,0,0,0,7,0,1,0,0
"982",2444,1356,1592,"21","2","2",1,6,0,0,0,6,0,1,0,0
"983",2445,1356,1592,"21","2","2",1,10,0,0,0,10,0,1,0,0
"984",2446,1356,1592,"21","2","2",0,7,0,0,0,7,0,0,0,0
"985",2447,1356,1592,"21","2","2",0,7,0,0,0,7,0,0,0,0
"986",2448,1356,1592,"21","2","2",0,9,0,0,0,9,0,0,0,0
"987",2449,1356,1592,"21","2","2",0,9,0,0,0,9,0,0,0,0
"988",2450,1446,1592,"21","2","2",1,8,0,0,0,7,0,1,1,0
"989",2451,1356,1592,"21","2","2",0,10,0,0,0,10,0,0,0,0
"990",2452,1356,1446,"21","2","2",1,13,0,0,0,13,1,0,0,0
"991",2453,1356,1446,"21","2","2",1,14,0,0,0,14,1,0,0,0
"992",2454,1447,1592,"21","2","2",2,8,0,0,0,7,1,1,1,0
"993",2455,1050,1446,"21","2","2",3,4,0,0,0,4,3,0,0,0
"994",2456,1050,1360,"21","2","2",5,12,1,0,0,12,4,2,0,0
"995",2457,1100,1446,"21","2","2",1,6,0,0,0,6,0,1,0,0
"996",2458,1100,1360,"21","2","2",4,6,0,0,0,6,3,1,0,0
"997",2459,1356,1448,"21","2","2",2,13,0,0,0,13,1,1,0,0
"998",2460,1356,1592,"21","2","2",2,10,0,0,0,9,2,1,0,0
"999",2461,1448,1592,"21","2","2",2,6,0,0,0,5,1,1,1,0
"1000",2462,1473,1592,"21","2","2",3,5,0,0,0,4,2,1,1,0
"1001",2463,1446,1592,"21","2","2",1,8,0,0,0,7,0,1,1,0
"1002",2464,1356,1446,"21","2","2",0,6,0,0,0,6,0,0,0,0
"1003",2465,1356,1592,"21","2","2",0,7,0,0,0,6,1,0,0,0
"1004",2466,1356,1592,"21","2","2",0,8,0,0,0,8,0,0,0,0
"1005",2467,1356,1592,"21","2","2",0,4,0,0,0,4,0,0,0,0
"1006",2468,1356,1592,"21","2","2",0,12,0,0,0,10,0,2,0,0
"1007",2469,300,1592,"21","2","2",0,18,0,0,0,18,0,0,0,0
"1008",2470,300,1592,"21","2","2",0,9,0,0,0,9,0,0,0,0
"1009",2471,1642,1800,"32","3","2",1,8,0,0,6,2,0,1,0,0
"1010",2473,300,1592,"21","2","2",0,9,0,0,0,9,0,0,0,0
"1011",2474,1550,1592,"21","2","2",1,7,0,0,1,6,0,1,0,0
"1012",2475,300,1592,"21","2","2",0,12,0,0,0,12,0,0,0,0
"1013",2476,869,1592,"21","2","2",0,6,0,0,0,6,0,0,0,0
"1014",2477,869,1592,"21","2","2",0,12,0,0,2,10,0,0,0,0
"1015",2479,869,1592,"21","2","2",0,16,0,0,2,14,0,0,0,0
"1016",2480,1592,1780,"18","1","2",0,11,0,0,5,6,0,0,0,0
"1017",2481,1592,1725,"18","1","2",0,13,0,0,6,7,0,0,0,0
"1018",2482,1592,1800,"18","1","2",0,11,0,0,5,6,0,0,0,0
"1019",2483,1592,1725,"18","1","2",1,9,0,0,4,5,1,0,0,0
"1020",2484,1592,1725,"18","1","2",3,11,0,0,4,7,3,0,0,0
"1021",2485,1592,1725,"18","1","2",6,15,0,0,6,9,6,0,0,0
"1022",2486,1592,1725,"18","1","2",5,11,0,0,4,7,5,0,0,0
"1023",2487,1592,1725,"18","1","2",4,15,0,0,7,8,4,0,0,0
"1024",2488,1592,1725,"18","1","2",1,19,0,0,9,10,1,0,0,0
"1025",2489,1592,1725,"18","1","2",4,17,0,0,7,10,4,0,0,0
"1026",2490,1592,1725,"18","1","2",5,13,0,0,5,8,5,0,0,0
"1027",2491,1592,1725,"18","1","2",0,11,0,0,5,6,0,0,0,0
"1028",2492,1592,1850,"18","1","2",1,11,0,0,5,6,1,0,0,0
"1029",2493,1592,1850,"18","1","2",1,11,0,0,5,6,1,0,0,0
"1030",2494,1592,1850,"18","1","2",1,11,0,0,5,6,1,0,0,0
"1031",2495,1592,1725,"18","1","2",0,11,0,0,5,6,0,0,0,0
"1032",2496,1592,1650,"18","1","2",0,12,0,0,5,6,0,0,1,0
"1033",2497,1592,1850,"18","1","2",0,12,0,0,5,6,0,0,1,0
"1034",2498,1592,1850,"18","1","2",1,14,0,0,6,7,0,1,1,0
"1035",2499,1592,1850,"18","1","2",1,6,0,0,2,3,0,1,1,0
"1036",2500,1592,1725,"18","1","2",2,13,0,0,5,6,0,2,2,0
"1037",2501,1592,1725,"18","1","2",2,8,0,0,3,4,0,2,1,0
"1038",2502,1592,1725,"18","1","2",4,10,0,0,4,5,0,4,1,0
"1039",2503,1592,1725,"18","1","2",4,12,0,0,5,6,0,4,1,0
"1040",2504,1592,1650,"18","1","2",2,7,0,0,3,4,0,2,0,0
"1041",2505,1592,1875,"18","1","2",1,9,0,0,4,5,0,1,0,0
"1042",2506,1592,1875,"18","1","2",0,5,0,0,2,3,0,0,0,0
"1043",2507,1592,1650,"18","1","2",0,13,0,0,6,7,0,0,0,0
"1044",2508,1592,1800,"18","1","2",0,10,0,0,4,5,0,0,1,0
"1045",2509,1592,1725,"18","1","2",0,9,0,0,4,5,0,0,0,0
"1046",2510,1592,1725,"18","1","2",0,9,0,0,4,5,0,0,0,0
"1047",2511,1592,1725,"18","1","2",0,13,0,0,6,7,0,0,0,0
"1048",2512,1592,1725,"18","1","2",0,5,0,0,2,3,0,0,0,0
"1049",2513,1592,1670,"18","1","2",1,11,0,0,5,6,0,1,0,0
"1050",2514,1592,1670,"18","1","2",1,17,0,0,7,10,0,1,0,0
"1051",2515,1592,1633,"18","1","2",0,11,0,0,4,7,0,0,0,0
"1052",2516,1592,1633,"18","1","2",0,11,0,0,4,7,0,0,0,0
"1053",2517,1592,1725,"18","1","2",0,16,0,0,6,10,0,0,0,0
"1054",2518,1592,1725,"18","1","2",0,8,0,0,3,5,0,0,0,0
"1055",2519,1592,1725,"18","1","2",0,10,0,0,4,6,0,0,0,0
"1056",2520,1592,1725,"18","1","2",1,8,0,0,3,5,1,0,0,0
"1057",2521,1592,1770,"18","1","2",1,8,0,0,3,5,1,0,0,0
"1058",2522,1592,1770,"18","1","2",3,12,0,0,6,7,1,1,0,0
"1059",2523,1592,1760,"18","1","2",2,12,0,0,6,7,0,1,0,0
"1060",2524,1592,1725,"18","1","2",2,7,0,0,4,4,0,1,0,0
"1061",2525,1592,1675,"18","1","2",2,7,0,0,4,4,0,1,0,0
"1062",2526,1592,1650,"18","1","2",0,7,0,0,2,5,0,0,0,0
"1063",2527,1592,1725,"18","1","2",0,7,1,0,2,5,0,1,0,0
"1064",2528,1592,1633,"18","1","2",0,8,0,0,3,5,0,0,0,0
"1065",2529,1592,1770,"18","1","2",2,12,0,0,4,7,1,1,1,0
"1066",2530,1592,1767,"18","1","2",5,12,1,0,4,8,0,6,0,0
"1067",2531,1592,1642,"18","1","2",1,11,0,0,5,6,0,1,0,0
"1068",2532,1592,2015,"18","1","2",1,11,0,0,5,6,0,1,0,0
"1069",2533,1592,2015,"18","1","2",1,11,0,0,5,6,0,1,0,0
"1070",2534,1592,2015,"18","1","2",0,13,0,0,5,8,0,0,0,0
"1071",2535,1592,1767,"18","1","2",2,7,0,0,3,4,0,2,0,0
"1072",2536,850,1800,"18","1","2",0,8,0,0,1,7,0,0,0,0
"1073",2537,850,2015,"18","1","2",0,12,0,0,1,11,0,0,0,0
"1074",2538,1356,1592,"21","2","2",0,13,0,0,0,13,0,0,0,0
"1075",2539,1592,1700,"18","1","2",1,10,0,0,1,9,1,0,0,0
"1076",2540,1050,1592,"21","2","2",0,14,0,0,0,14,0,0,0,0
"1077",2541,1592,1734,"37","3","1",0,9,0,0,2,7,0,0,0,0
"1078",2542,1050,1619,"21","2","2",1,10,0,0,0,10,0,1,0,0
"1079",2543,1619,1779,"37","3","1",1,4,0,0,0,4,0,1,0,0
"1080",2545,1050,1360,"21","2","2",0,13,1,0,0,13,1,0,0,0
"1081",2546,1050,1450,"21","2","2",0,11,1,0,0,11,1,0,0,0
"1082",2547,1050,1450,"21","2","2",0,5,0,0,0,5,0,0,0,0
"1083",2548,1050,1360,"21","2","2",0,9,0,0,0,9,0,0,0,0
"1084",2549,1050,1360,"21","2","2",0,5,0,0,0,5,0,0,0,0
"1085",2550,1050,1360,"21","2","2",1,8,0,0,0,8,1,0,0,0
"1086",2551,1356,1750,"21","2","2",0,8,1,0,0,8,1,0,0,0
"1087",2552,1450,1750,"21","2","2",0,11,1,0,0,10,1,1,0,0
"1088",2553,1450,1750,"21","2","2",0,8,0,0,0,7,0,1,0,0
"1089",2554,1450,1750,"21","2","2",0,10,0,0,0,9,0,1,0,0
"1090",2556,1450,1592,"21","2","2",0,10,0,0,0,8,0,2,0,0
"1091",2557,1450,1592,"21","2","2",0,9,0,0,0,8,0,1,0,0
"1092",2558,1592,1750,"18","1","2",0,7,0,0,2,4,0,1,0,0
"1093",2559,1592,1750,"18","1","2",0,7,0,0,2,4,0,1,0,0
"1094",2560,1592,1750,"18","1","2",0,10,0,0,3,6,0,1,0,0
"1095",2561,1356,1450,"21","2","2",1,15,1,0,0,12,1,3,1,0
"1096",2562,1356,1450,"21","2","2",1,13,0,0,0,11,0,2,1,0
"1097",2563,1356,1450,"21","2","2",2,21,0,0,0,19,1,2,1,0
"1098",2564,1356,1592,"21","2","2",0,9,0,0,0,7,0,2,0,0
"1099",2565,1356,1592,"21","2","2",0,5,0,0,0,4,0,1,0,0
"1100",2566,1356,1592,"21","2","2",0,5,0,0,0,4,0,1,0,0
"1101",2567,1356,1592,"21","2","2",0,5,0,0,0,4,0,1,0,0
"1102",2568,1592,1750,"18","1","2",3,5,0,0,2,3,3,0,0,0
"1103",2569,1356,1592,"21","2","2",1,14,0,0,0,14,0,1,0,0
"1104",2570,1592,1685,"18","1","2",1,9,0,0,1,8,1,0,0,0
"1105",2571,1356,1592,"21","2","2",4,6,0,0,0,5,1,2,0,2
"1106",2572,1592,1760,"18","1","2",6,10,0,0,3,7,3,1,0,2
"1107",2573,1356,1592,"21","2","2",1,2,0,0,0,2,1,0,0,0
"1108",2574,1592,1700,"18","1","2",1,8,0,0,1,6,2,0,0,0
"1109",2575,1700,1770,"32","3","2",1,8,0,0,3,4,2,0,0,0
"1110",2576,1482,1592,"21","2","2",0,6,0,0,0,6,0,0,0,0
"1111",2577,1592,1700,"32","3","2",2,8,0,0,1,6,2,0,1,0
"1112",2578,1356,1482,"21","2","2",1,3,0,0,0,3,1,0,0,0
"1113",2579,1356,1592,"21","2","2",2,3,0,0,0,3,2,0,0,0
"1114",2580,1356,1592,"21","2","2",1,5,0,0,0,2,1,2,1,0
"1115",2581,1592,1760,"32","3","2",0,7,0,0,1,6,0,0,0,0
"1116",2582,1356,1592,"21","2","2",1,5,0,0,0,2,1,2,1,0
"1117",2583,1592,1800,"21","2","2",0,7,0,0,1,5,1,0,0,0
"1118",2584,1477,1592,"21","2","2",3,10,0,0,1,6,2,3,1,0
"1119",2585,1592,1800,"21","2","2",1,15,0,0,1,11,1,2,1,0
"1120",2586,1477,1592,"21","2","2",3,9,0,0,1,5,2,3,1,0
"1121",2587,1592,1800,"21","2","2",1,10,0,0,0,8,0,2,1,0
"1122",2589,1356,1592,"21","2","2",3,10,0,0,2,5,2,3,1,0
"1123",2590,1592,1960,"21","2","2",2,13,0,0,2,9,1,2,1,0
"1124",2591,1356,1592,"21","2","2",3,8,0,0,2,3,2,3,1,0
"1125",2592,1592,1760,"21","2","2",1,13,0,0,2,9,0,2,1,0
"1126",2593,300,1550,"21","2","2",0,8,0,0,0,8,0,0,0,0
"1127",2594,300,1450,"21","2","2",0,9,0,0,0,9,0,0,0,0
"1128",2595,1356,1592,"21","2","2",2,9,0,0,2,5,1,2,1,0
"1129",2597,1356,1592,"21","2","2",2,9,0,0,2,5,1,2,1,0
"1130",2598,1592,1960,"18","1","2",2,10,0,0,2,8,2,0,0,0
"1131",2599,1356,1496,"21","2","2",1,6,0,0,2,4,1,0,0,0
"1132",2600,1496,1592,"21","2","2",3,6,0,0,1,5,3,0,0,0
"1133",2602,1356,1592,"21","2","2",2,7,0,0,2,5,2,0,0,0
"1134",2603,1592,1960,"18","1","2",3,8,0,0,3,5,3,0,0,0
"1135",2604,900,1100,"21","2","2",2,27,0,1,0,24,0,4,2,0
"1136",2605,1451,1592,"21","2","2",1,2,0,0,0,2,1,0,0,0
"1137",2606,1592,1700,"18","1","2",0,5,0,0,2,3,0,0,0,0
"1138",2607,1356,1592,"21","2","2",1,9,0,0,1,8,1,0,0,0
"1139",2608,1592,1960,"18","1","2",0,13,0,0,6,7,0,0,0,0
"1140",2609,1564,1592,"21","2","2",0,4,0,0,0,4,0,0,0,0
"1141",2610,1592,1700,"21","2","2",0,8,0,0,2,5,1,0,0,0
"1142",2611,1356,1592,"21","2","2",2,8,0,0,0,8,1,1,0,0
"1143",2612,1592,1650,"13","1","2",5,13,0,0,5,8,5,0,0,0
"1144",2613,1592,1650,"13","1","2",1,11,0,0,5,6,1,0,0,0
"1145",2614,1356,1592,"21","2","2",1,6,0,0,0,6,0,1,0,0
"1146",2615,1592,1650,"13","1","2",1,7,0,0,3,4,0,1,0,0
"1147",2616,1592,1650,"13","1","2",1,7,0,0,3,4,0,1,0,0
"1148",2617,1356,1450,"21","2","2",0,10,0,0,1,9,0,0,0,0
"1149",2618,1450,1592,"21","2","2",1,11,0,0,0,11,1,0,0,0
"1150",2619,1356,1592,"21","2","2",0,7,0,0,0,7,0,0,0,0
"1151",2620,1356,1592,"21","2","2",1,7,0,0,0,7,1,0,0,0
"1152",2621,1592,1700,"21","2","2",0,11,0,0,5,6,0,0,0,0
"1153",2622,1592,1700,"13","1","2",0,11,0,0,4,7,0,0,0,0
"1154",2623,1356,1592,"21","2","2",1,9,0,0,0,9,1,0,0,0
"1155",2624,1050,1356,"21","2","2",0,5,0,0,0,5,0,0,0,0
"1156",2625,1050,1356,"21","2","2",0,5,0,0,0,5,0,0,0,0
"1157",2626,1050,1356,"21","2","2",0,8,0,0,0,8,0,0,0,0
"1158",2627,1356,1400,"21","2","2",1,15,1,0,0,12,1,3,1,0
"1159",2628,1356,1400,"21","2","2",1,13,0,0,0,11,0,2,1,0
"1160",2629,1356,1400,"21","2","2",3,21,0,0,0,19,1,3,1,0
"1161",2630,1050,1400,"21","2","2",3,4,0,0,0,4,3,0,0,0
"1162",2632,1450,1500,"21","2","2",3,17,0,0,2,15,1,2,0,0
"1163",2643,1500,2015,"37","3","1",8,0,0,0,0,0,8,0,0,0
"1164",2644,1500,2015,"37","3","1",8,0,0,0,0,0,8,0,0,0
"1165",2645,1500,2015,"37","3","1",9,0,0,0,0,0,9,0,0,0
"1166",2646,1500,2015,"37","3","1",9,0,0,0,0,0,9,0,0,0
"1167",2647,1500,2015,"37","3","1",8,0,0,0,0,0,8,0,0,0
"1168",2648,1500,2015,"37","3","1",8,0,0,0,0,0,8,0,0,0
"1169",2649,1500,2015,"37","3","1",8,0,0,0,0,0,8,0,0,0
"1170",2650,1500,2015,"37","3","1",9,0,0,0,0,0,9,0,0,0
"1171",2651,1500,2015,"37","3","1",9,0,0,0,0,0,9,0,0,0
"1172",2652,1500,2015,"37","3","1",2,2,0,0,0,0,1,1,2,0
"1173",2653,1500,2015,"37","3","1",3,2,0,0,0,0,1,2,2,0
"1174",2654,1525,2015,"37","3","1",9,7,0,0,0,6,8,1,1,0
"1175",2655,1500,2015,"37","3","1",33,3,0,0,1,0,30,4,1,0
"1176",2656,1450,1888,"37","3","1",27,6,0,1,3,0,23,6,2,0
"1177",2657,1888,2015,"37","3","1",8,0,0,0,0,0,8,0,0,0
"1178",2658,1475,2015,"37","3","1",23,3,0,0,0,0,18,7,1,0
"1179",2660,1730,1772,"32","3","3",11,2,1,0,0,0,14,0,0,0
"1180",2661,1772,2015,"37","3","1",10,2,1,0,0,0,13,0,0,0
"1181",2662,1772,2015,"37","3","1",10,2,1,0,0,0,13,0,0,0
"1182",2663,1468,1786,"32","3","2",21,1,1,0,0,0,23,0,0,0
"1183",2664,1400,1780,"32","3","2",17,1,0,0,0,0,17,0,1,0
"1184",2665,1500,2015,"37","3","1",17,2,0,0,0,0,19,0,0,0
"1185",2666,1400,2015,"37","3","1",14,1,0,0,0,0,15,0,0,0
"1186",2667,1475,1934,"37","3","1",14,6,0,0,0,3,14,2,1,0
"1187",2668,1475,2015,"37","3","1",12,5,0,0,0,3,12,2,0,0
"1188",2669,1475,1940,"37","3","1",11,1,0,0,0,0,12,0,0,0
"1189",2670,1400,1600,"37","3","1",3,3,0,0,0,0,3,2,1,0
"1190",2671,1475,2015,"37","3","1",8,2,0,0,0,1,7,1,1,0
"1191",2672,1525,1940,"37","3","1",5,2,0,0,1,0,3,1,2,0
"1192",2673,1400,1940,"37","3","1",2,6,0,0,0,0,2,3,3,0
"1193",2674,1494,1940,"37","3","1",2,2,0,0,0,0,1,2,1,0
"1194",2675,1450,1507,"37","3","1",1,3,0,0,0,0,1,1,2,0
"1195",2676,1507,1525,"37","3","1",5,5,0,0,0,0,5,2,3,0
"1196",2677,1450,1507,"37","3","1",3,5,0,0,0,0,3,2,3,0
"1197",2678,1525,2015,"37","3","1",4,2,0,0,0,0,4,1,1,0
"1198",2679,1500,2015,"37","3","1",8,8,0,0,0,5,8,2,1,0
"1199",2680,1450,1829,"37","3","1",3,10,0,0,0,8,3,0,2,0
"1200",2681,1470,2015,"37","3","1",5,1,3,0,0,1,1,7,0,0
"1201",2682,1470,1612,"37","3","1",0,2,0,0,0,2,0,0,0,0
"1202",2683,1475,1881,"37","3","1",31,0,0,0,0,0,30,1,0,0
"1203",2684,1881,2015,"37","3","1",17,0,0,0,0,0,17,0,0,0
"1204",2685,1500,1973,"37","3","1",8,10,0,0,1,7,7,2,1,0
"1205",2686,1540,2015,"37","3","1",20,1,0,0,0,1,20,0,0,0
"1206",2687,1400,2015,"37","3","1",0,6,0,0,0,4,0,2,0,0
"1207",2688,1500,2015,"37","3","1",7,3,0,0,0,0,7,2,1,0
"1208",2689,1475,1970,"37","3","1",12,0,0,0,0,0,12,0,0,0
"1209",2690,1400,2015,"37","3","1",9,9,0,0,0,9,8,1,0,0
"1210",2691,1400,2015,"37","3","1",14,0,0,0,0,0,13,1,0,0
"1211",2692,1475,2015,"37","3","1",22,0,0,0,0,0,21,1,0,0
"1212",2693,1500,2015,"37","3","1",38,1,0,0,0,0,32,6,1,0
"1213",2694,1400,2015,"37","3","1",17,1,0,0,0,0,12,5,1,0
"1214",2695,1475,2015,"37","3","1",27,1,0,0,0,0,22,5,1,0
"1215",2696,1475,2015,"37","3","1",2,0,2,0,0,0,1,3,0,0
"1216",2698,1511,1777,"16","1","1",2,2,0,0,0,0,2,0,2,0
"1217",2705,1200,1323,"42","4","1",2,1,0,0,1,0,2,0,0,0
"1218",2706,1323,1791,"43","4","1",3,3,0,0,1,0,2,3,0,0
"1219",2710,1100,1700,"43","4","2",12,20,0,0,2,17,0,13,0,0
"1220",2711,1100,1600,"43","4","2",9,18,0,0,0,15,0,11,1,0
"1221",2712,1100,1806,"18","1","2",15,15,0,0,0,13,12,4,1,0
"1222",2713,1100,1806,"18","1","2",13,23,0,0,0,22,12,2,0,0
"1223",2714,1100,1375,"18","1","2",10,15,0,0,0,13,9,2,1,0
"1224",2715,1100,1500,"18","1","2",11,24,0,1,2,20,7,6,1,0
"1225",2716,1100,1838,"18","1","2",12,30,0,1,2,24,3,12,2,0
"1226",2717,1100,1400,"18","1","2",12,30,0,1,2,25,3,12,1,0
"1227",2718,1100,1400,"43","4","1",5,14,0,0,0,14,1,4,0,0
"1228",2719,1400,2015,"37","3","1",29,1,0,0,0,0,23,6,1,0
"1229",2720,1400,2015,"37","3","1",33,1,0,0,1,0,31,2,0,0
"1230",2721,1400,2015,"37","3","1",32,1,0,0,1,0,29,3,0,0
"1231",2722,1400,2015,"37","3","1",25,2,0,0,1,0,24,1,1,0
"1232",2723,1400,2015,"37","3","1",32,1,0,0,1,0,29,3,0,0
"1233",2724,1400,2015,"37","3","1",9,0,0,0,0,0,8,1,0,0
"1234",2725,1400,2015,"37","3","1",33,2,0,1,2,0,31,2,1,0
"1235",2726,1475,2015,"37","3","1",34,1,0,0,0,0,28,6,1,0
"1236",2727,1400,2015,"37","3","1",35,3,0,1,2,0,31,5,1,0
"1237",2728,1475,2015,"37","3","1",14,0,0,0,0,0,14,0,0,0
"1238",2729,1575,2015,"37","3","1",13,1,0,0,0,0,14,0,0,0
"1239",2730,1475,1900,"37","3","1",10,0,0,0,0,0,10,0,0,0
"1240",2731,1400,2015,"37","3","1",12,2,0,0,2,0,10,2,0,0
"1241",2732,1400,2015,"37","3","1",16,0,0,0,0,0,16,0,0,0
"1242",2733,1400,2015,"37","3","1",19,0,0,0,0,0,19,0,0,0
"1243",2734,1400,2015,"37","3","1",8,0,0,0,0,0,7,1,0,0
"1244",2735,1400,2015,"37","3","1",28,1,0,0,1,0,26,2,0,0
"1245",2736,1400,2015,"37","3","1",31,1,0,0,1,0,28,3,0,0
"1246",2737,1400,2015,"37","3","1",27,0,0,0,0,0,26,1,0,0
"1247",2738,1575,2015,"37","3","1",5,0,0,0,0,0,5,0,0,0
"1248",2739,1500,2015,"37","3","1",21,0,0,0,0,0,20,1,0,0
"1249",2740,1500,2015,"37","3","1",11,0,0,0,0,0,11,0,0,0
"1250",2741,1550,2015,"37","3","1",7,0,0,0,0,0,7,0,0,0
"1251",2742,1500,2015,"37","3","1",32,1,0,0,1,0,28,4,0,0
"1252",2743,1500,2015,"37","3","1",32,1,0,0,1,0,29,3,0,0
"1253",2744,1500,2015,"37","3","1",16,0,0,0,0,0,16,0,0,0
"1254",2745,1500,2015,"37","3","1",18,7,0,0,0,7,17,1,0,0
"1255",2746,1500,2015,"37","3","1",35,0,0,0,0,0,33,2,0,0
"1256",2747,1500,2015,"37","3","1",22,4,1,0,1,0,24,2,0,0
"1257",2748,1500,2015,"37","3","1",8,7,0,0,2,4,7,1,1,0
"1258",2751,1500,1975,"37","3","1",7,7,1,0,0,7,7,0,0,1
"1259",2755,1400,2015,"37","3","1",0,0,0,0,0,0,0,0,0,0
"1260",2756,1475,2015,"37","3","1",1,1,0,0,0,0,1,0,1,0
"1261",2758,1400,2015,"37","3","1",14,3,0,0,0,0,9,7,1,0
"1262",2759,1400,2015,"37","3","1",1,3,0,0,0,0,1,2,1,0
"1263",2760,1400,2015,"37","3","1",1,3,0,0,0,0,1,2,1,0
"1264",2761,1400,2015,"37","3","1",3,1,0,0,0,0,3,1,0,0
"1265",2762,1400,2015,"37","3","1",4,1,0,0,0,0,4,0,1,0
"1266",2763,1400,2015,"37","3","1",4,1,0,0,0,0,4,0,1,0
"1267",2764,1500,2015,"37","3","1",2,4,0,0,0,0,1,3,2,0
"1268",2767,1475,2015,"37","3","1",4,5,0,0,0,4,4,1,0,0
"1269",2768,1400,2015,"37","3","1",4,1,0,0,0,0,4,0,1,0
"1270",2769,1400,2015,"37","3","1",1,1,0,0,0,0,0,1,1,0
"1271",2771,1475,2015,"37","3","1",16,8,0,1,1,3,2,16,3,0
"1272",2772,1400,2015,"37","3","1",0,0,0,0,0,0,0,0,0,0
"1273",2773,1475,2015,"37","3","1",1,0,0,0,0,0,1,0,0,0
"1274",2774,1500,1975,"37","3","1",0,1,0,0,1,0,0,0,0,0
"1275",2775,1475,2015,"37","3","1",1,8,0,0,0,8,0,1,0,0
"1276",2776,1300,2015,"37","3","1",5,7,0,0,0,7,4,1,0,0
"1277",2777,1500,2015,"37","3","1",6,5,0,0,0,3,5,1,2,0
"1278",2778,1500,2015,"37","3","1",6,5,0,0,0,4,5,1,1,0
"1279",2779,1500,2015,"37","3","1",7,1,0,0,0,0,6,1,1,0
"1280",2780,1400,2015,"37","3","1",2,5,0,0,0,5,1,1,0,0
"1281",2781,1500,1940,"37","3","1",2,7,0,0,0,5,1,1,2,0
"1282",2782,1475,2015,"37","3","1",4,4,0,0,0,3,4,1,0,0
"1283",2783,1500,2015,"37","3","1",16,0,0,0,0,0,16,0,0,0
"1284",2784,1400,2015,"37","3","1",1,0,0,0,0,0,0,1,0,0
"1285",2785,1400,1992,"37","3","1",3,7,0,0,0,7,3,0,0,0
"1286",2786,1500,2015,"37","3","1",0,0,0,0,0,0,0,0,0,0
"1287",2787,1500,2015,"37","3","1",0,0,0,0,0,0,0,0,0,0
"1288",2788,1400,2015,"37","3","1",0,0,0,0,0,0,0,0,0,0
"1289",2789,1500,2015,"37","3","1",1,0,0,0,0,0,1,0,0,0
"1290",2790,1500,2015,"37","3","1",11,7,1,0,0,7,11,0,0,1
"1291",2791,1400,1976,"37","3","1",3,7,0,0,0,7,3,0,0,0
"1292",2792,1575,2015,"37","3","1",17,1,0,0,1,0,16,1,0,0
"1293",2793,1500,1975,"37","3","1",12,9,0,0,0,9,11,1,0,0
"1294",2794,1575,1975,"37","3","1",7,7,0,0,0,7,7,0,0,0
"1295",2795,1500,1975,"37","3","1",10,9,0,0,0,9,9,1,0,0
"1296",2796,1400,1975,"37","3","1",5,9,0,0,0,9,4,1,0,0
"1297",2797,1400,1975,"37","3","1",5,9,0,0,0,9,4,1,0,0
"1298",2803,1200,1672,"34","3","2",2,0,0,0,0,0,0,2,0,0
"1299",2804,82,300,"41","4","3",2,1,0,0,1,0,1,0,0,1
"1300",2806,1500,1793,"42","4","3",44,11,1,1,3,0,21,27,6,0
"1301",2808,1886,2015,"53","5","2",NA,NA,NA,NA,NA,NA,NA,NA,NA,NA
"1302",2809,1942,2015,"53","5","2",NA,NA,NA,NA,NA,NA,NA,NA,NA,NA
"1303",2810,1903,2015,"53","5","2",NA,NA,NA,NA,NA,NA,NA,NA,NA,NA
"1304",2811,1882,2015,"53","5","2",NA,NA,NA,NA,NA,NA,NA,NA,NA,NA
"1305",2812,1882,2015,"53","5","2",NA,NA,NA,NA,NA,NA,NA,NA,NA,NA
"1306",2813,1942,2015,"53","5","2",NA,NA,NA,NA,NA,NA,NA,NA,NA,NA
"1307",2814,1935,2015,"53","5","2",NA,NA,NA,NA,NA,NA,NA,NA,NA,NA
"1308",2815,1887,1956,"53","5","2",NA,NA,NA,NA,NA,NA,NA,NA,NA,NA
"1309",2816,1934,2015,"53","5","2",NA,NA,NA,NA,NA,NA,NA,NA,NA,NA
